{
	"carName": "ferrari_488_gt3_evo",
	"basicSetup":
	{
		"tyres":
		{
			"tyreCompound": 0,
			"tyrePressure": [ 49, 62, 50, 59 ]
		},
		"alignment":
		{
			"camber": [ 0, 0, 0, 0 ],
			"toe": [ 0, 0, 0, 0 ],
			"staticCamber": [ -3.2267041206359863, -3.213212251663208, -2.5978250503540039, -2.5873823165893555 ],
			"toeOutLinear": [ 0.0019134313333779573, 0.0019134280737489462, -0.0014326703967526555, -0.0014327078824862838 ],
			"casterLF": 68,
			"casterRF": 68,
			"steerRatio": 4
		},
		"electronics":
		{
			"tC1": 7,
			"tC2": 0,
			"abs": 5,
			"eCUMap": 0,
			"fuelMix": 0,
			"telemetryLaps": 10
		},
		"strategy":
		{
			"fuel": 11,
			"nPitStops": 0,
			"tyreSet": 4,
			"frontBrakePadCompound": 0,
			"rearBrakePadCompound": 0,
			"pitStrategy": [
				{
					"fuelToAdd": 0,
					"tyres":
					{
						"tyreCompound": 0,
						"tyrePressure": [ 49, 62, 50, 59 ]
					},
					"tyreSet": 2,
					"frontBrakePadCompound": 1,
					"rearBrakePadCompound": 1
				}
			],
			"fuelPerLap": 3.1922721862792969
		}
	},
	"advancedSetup":
	{
		"mechanicalBalance":
		{
			"aRBFront": 32,
			"aRBRear": 14,
			"wheelRate": [ 5, 5, 5, 5 ],
			"bumpStopRateUp": [ 5, 5, 5, 5 ],
			"bumpStopRateDn": [ 0, 0, 10, 10 ],
			"bumpStopWindow": [ 3, 3, 16, 16 ],
			"brakeTorque": 20,
			"brakeBias": 30
		},
		"dampers":
		{
			"bumpSlow": [ 9, 9, 7, 7 ],
			"bumpFast": [ 9, 9, 7, 7 ],
			"reboundSlow": [ 6, 6, 10, 10 ],
			"reboundFast": [ 6, 6, 11, 11 ]
		},
		"aeroBalance":
		{
			"rideHeight": [ 4, 6, 16, 18 ],
			"rodLength": [ -26.753774642944336, -26.753774642944336, -12.943153381347656, -12.943153381347656 ],
			"splitter": 0,
			"rearWing": 14,
			"brakeDuct": [ 3, 3 ]
		},
		"drivetrain":
		{
			"preload": 15
		}
	},
	"trackBopType": 27
}