{
	"carName": "ferrari_488_gt3_evo",
	"basicSetup":
	{
		"tyres":
		{
			"tyreCompound": 0,
			"tyrePressure": [ 57, 68, 61, 69 ]
		},
		"alignment":
		{
			"camber": [ 0, 0, 0, 0 ],
			"toe": [ 0, 0, 0, 0 ],
			"staticCamber": [ -3.2154293060302734, -3.2102746963500977, -2.5863468647003174, -2.5796964168548584 ],
			"toeOutLinear": [ 0.0019149911822751164, 0.0019149897852912545, -0.0014366637915372849, -0.0014365711249411106 ],
			"casterLF": 68,
			"casterRF": 68,
			"steerRatio": 4
		},
		"electronics":
		{
			"tC1": 9,
			"tC2": 0,
			"abs": 5,
			"eCUMap": 0,
			"fuelMix": 0,
			"telemetryLaps": 10
		},
		"strategy":
		{
			"fuel": 11,
			"nPitStops": 0,
			"tyreSet": 4,
			"frontBrakePadCompound": 0,
			"rearBrakePadCompound": 0,
			"pitStrategy": [
				{
					"fuelToAdd": 0,
					"tyres":
					{
						"tyreCompound": 0,
						"tyrePressure": [ 49, 62, 50, 59 ]
					},
					"tyreSet": 2,
					"frontBrakePadCompound": 1,
					"rearBrakePadCompound": 1
				}
			],
			"fuelPerLap": 3
		}
	},
	"advancedSetup":
	{
		"mechanicalBalance":
		{
			"aRBFront": 32,
			"aRBRear": 14,
			"wheelRate": [ 5, 5, 5, 5 ],
			"bumpStopRateUp": [ 5, 5, 5, 5 ],
			"bumpStopRateDn": [ 0, 0, 10, 10 ],
			"bumpStopWindow": [ 3, 3, 16, 16 ],
			"brakeTorque": 20,
			"brakeBias": 30
		},
		"dampers":
		{
			"bumpSlow": [ 9, 9, 7, 7 ],
			"bumpFast": [ 9, 9, 7, 7 ],
			"reboundSlow": [ 6, 6, 10, 10 ],
			"reboundFast": [ 6, 6, 11, 11 ]
		},
		"aeroBalance":
		{
			"rideHeight": [ 4, 6, 16, 18 ],
			"rodLength": [ -27.058399200439453, -27.058399200439453, -13.284883499145508, -13.284883499145508 ],
			"splitter": 0,
			"rearWing": 14,
			"brakeDuct": [ 2, 2 ]
		},
		"drivetrain":
		{
			"preload": 15
		}
	},
	"trackBopType": 27
}