{
	"carName": "ferrari_488_gt3_evo",
	"basicSetup":
	{
		"tyres":
		{
			"tyreCompound": 0,
			"tyrePressure": [ 64, 57, 60, 56 ]
		},
		"alignment":
		{
			"camber": [ 0, 0, 0, 0 ],
			"toe": [ 0, 0, 0, 0 ],
			"staticCamber": [ -3.2845921516418457, -3.2879495620727539, -2.553457498550415, -2.5565454959869385 ],
			"toeOutLinear": [ 0.0019180998206138611, 0.0019180949311703444, -0.0014480403624475002, -0.001448014983907342 ],
			"casterLF": 59,
			"casterRF": 59,
			"steerRatio": 4
		},
		"electronics":
		{
			"tC1": 7,
			"tC2": 0,
			"abs": 5,
			"eCUMap": 0,
			"fuelMix": 0,
			"telemetryLaps": 10
		},
		"strategy":
		{
			"fuel": 10,
			"nPitStops": 0,
			"tyreSet": 14,
			"frontBrakePadCompound": 0,
			"rearBrakePadCompound": 0,
			"pitStrategy": [
				{
					"fuelToAdd": 0,
					"tyres":
					{
						"tyreCompound": 0,
						"tyrePressure": [ 64, 57, 60, 56 ]
					},
					"tyreSet": 2,
					"frontBrakePadCompound": 1,
					"rearBrakePadCompound": 1
				}
			],
			"fuelPerLap": 2.8515701293945313
		}
	},
	"advancedSetup":
	{
		"mechanicalBalance":
		{
			"aRBFront": 5,
			"aRBRear": 1,
			"wheelRate": [ 7, 7, 4, 4 ],
			"bumpStopRateUp": [ 3, 3, 2, 2 ],
			"bumpStopRateDn": [ 0, 0, 10, 10 ],
			"bumpStopWindow": [ 2, 2, 7, 7 ],
			"brakeTorque": 20,
			"brakeBias": 30
		},
		"dampers":
		{
			"bumpSlow": [ 6, 6, 3, 3 ],
			"bumpFast": [ 7, 7, 6, 6 ],
			"reboundSlow": [ 8, 8, 9, 9 ],
			"reboundFast": [ 8, 8, 6, 6 ]
		},
		"aeroBalance":
		{
			"rideHeight": [ 7, 6, 15, 18 ],
			"rodLength": [ -27.243154525756836, -27.243154525756836, -13.333590507507324, -13.333590507507324 ],
			"splitter": 0,
			"rearWing": 10,
			"brakeDuct": [ 3, 3 ]
		},
		"drivetrain":
		{
			"preload": 20
		}
	},
	"trackBopType": 27
}