{
	"carName": "ferrari_488_gt3_evo",
	"basicSetup":
	{
		"tyres":
		{
			"tyreCompound": 0,
			"tyrePressure": [ 64, 58, 60, 56 ]
		},
		"alignment":
		{
			"camber": [ 0, 0, 0, 0 ],
			"toe": [ 0, 0, 0, 0 ],
			"staticCamber": [ -3.2397222518920898, -3.2428076267242432, -2.5260601043701172, -2.5293231010437012 ],
			"toeOutLinear": [ 0.0019314381061121821, 0.0019314993405714631, -0.0014584934106096625, -0.0014584069140255451 ],
			"casterLF": 59,
			"casterRF": 59,
			"steerRatio": 4
		},
		"electronics":
		{
			"tC1": 7,
			"tC2": 0,
			"abs": 5,
			"eCUMap": 0,
			"fuelMix": 0,
			"telemetryLaps": 10
		},
		"strategy":
		{
			"fuel": 11,
			"nPitStops": 0,
			"tyreSet": 0,
			"frontBrakePadCompound": 0,
			"rearBrakePadCompound": 0,
			"pitStrategy": [
				{
					"fuelToAdd": 0,
					"tyres":
					{
						"tyreCompound": 0,
						"tyrePressure": [ 44, 58, 48, 56 ]
					},
					"tyreSet": 2,
					"frontBrakePadCompound": 1,
					"rearBrakePadCompound": 1
				}
			],
			"fuelPerLap": 2.8515701293945313
		}
	},
	"advancedSetup":
	{
		"mechanicalBalance":
		{
			"aRBFront": 5,
			"aRBRear": 1,
			"wheelRate": [ 7, 7, 4, 4 ],
			"bumpStopRateUp": [ 3, 3, 2, 2 ],
			"bumpStopRateDn": [ 0, 0, 10, 10 ],
			"bumpStopWindow": [ 2, 2, 8, 8 ],
			"brakeTorque": 20,
			"brakeBias": 30
		},
		"dampers":
		{
			"bumpSlow": [ 6, 6, 3, 3 ],
			"bumpFast": [ 7, 7, 6, 6 ],
			"reboundSlow": [ 8, 8, 9, 9 ],
			"reboundFast": [ 8, 8, 6, 6 ]
		},
		"aeroBalance":
		{
			"rideHeight": [ 5, 6, 14, 18 ],
			"rodLength": [ -30.199832916259766, -30.199832916259766, -14.280076026916504, -14.280076026916504 ],
			"splitter": 0,
			"rearWing": 14,
			"brakeDuct": [ 3, 3 ]
		},
		"drivetrain":
		{
			"preload": 20
		}
	},
	"trackBopType": 27
}