{
	"carName": "ferrari_488_gt3_evo",
	"basicSetup":
	{
		"tyres":
		{
			"tyreCompound": 0,
			"tyrePressure": [ 64, 57, 60, 56 ]
		},
		"alignment":
		{
			"camber": [ 0, 0, 0, 0 ],
			"toe": [ 0, 0, 7, 7 ],
			"staticCamber": [ -3.2865607738494873, -3.28995680809021, -2.5722720623016357, -2.5754785537719727 ],
			"toeOutLinear": [ 0.0019175078487023711, 0.0019174950430169702, -0.0012880561407655478, -0.0012880804715678096 ],
			"casterLF": 59,
			"casterRF": 59,
			"steerRatio": 4
		},
		"electronics":
		{
			"tC1": 7,
			"tC2": 0,
			"abs": 5,
			"eCUMap": 0,
			"fuelMix": 0,
			"telemetryLaps": 69
		},
		"strategy":
		{
			"fuel": 43,
			"nPitStops": 0,
			"tyreSet": 14,
			"frontBrakePadCompound": 0,
			"rearBrakePadCompound": 0,
			"pitStrategy": [
				{
					"fuelToAdd": 0,
					"tyres":
					{
						"tyreCompound": 0,
						"tyrePressure": [ 64, 57, 60, 56 ]
					},
					"tyreSet": 2,
					"frontBrakePadCompound": 1,
					"rearBrakePadCompound": 1
				}
			],
			"fuelPerLap": 2.8515701293945313
		}
	},
	"advancedSetup":
	{
		"mechanicalBalance":
		{
			"aRBFront": 5,
			"aRBRear": 1,
			"wheelRate": [ 7, 7, 4, 4 ],
			"bumpStopRateUp": [ 3, 3, 1, 1 ],
			"bumpStopRateDn": [ 0, 0, 10, 10 ],
			"bumpStopWindow": [ 2, 2, 8, 8 ],
			"brakeTorque": 20,
			"brakeBias": 30
		},
		"dampers":
		{
			"bumpSlow": [ 6, 6, 3, 3 ],
			"bumpFast": [ 7, 7, 6, 6 ],
			"reboundSlow": [ 8, 8, 9, 9 ],
			"reboundFast": [ 8, 8, 6, 6 ]
		},
		"aeroBalance":
		{
			"rideHeight": [ 7, 6, 15, 18 ],
			"rodLength": [ -27.849197387695313, -27.849197387695313, -13.522047996520996, -13.522047996520996 ],
			"splitter": 0,
			"rearWing": 10,
			"brakeDuct": [ 3, 3 ]
		},
		"drivetrain":
		{
			"preload": 21
		}
	},
	"trackBopType": 27
}