<?xml version="1.0"?>
<Maths Locale="English_United Kingdom.1252" DefaultLocale="C" Id="G Force And Grip">
 <MathConstants>
  <MathConstant Name="PI" Value="3.14159265" Unit=""/>
 </MathConstants>
 <MathItems>
  <MathExpression Id="G Lateral" DisplayUnit="G" DisplayDPS="2" DisplayColorIndex="3" Interpolate="1" Script="'G_LAT' [m/s2]" SampleRate="0" Unit="G"/>
  <MathExpression Id="G Long" DisplayUnit="G" DisplayDPS="2" DisplayColorIndex="1" Interpolate="1" Script="'G_LON' [m/s2]" SampleRate="0" Unit="G"/>
  <MathExpression Id="G Combined" DisplayUnit="G" DisplayDPS="2" DisplayColorIndex="7" Interpolate="1" Script="sqrt(sqr('G Long' [G]) + sqr('G Lateral' [G]))" SampleRate="0" Unit="G"/>
  <MathExpression Id="G Lateral stat" DisplayUnit="G" DisplayDPS="4" DisplayColorIndex="3" Interpolate="1" Script="sqrt(

sqr('G Combined' [G])

-

sqr('G Long' [G])

)" SampleRate="0" Unit="G"/>
  <MathExpression Id="G Long stat" DisplayUnit="G" DisplayDPS="2" DisplayColorIndex="1" Interpolate="1" Script="sqrt(

sqr('G Combined' [G])

-

sqr('G Lateral' [G])

)" SampleRate="0" Unit="G"/>
  <MathExpression Id="Grip Overall" DisplayUnit="G" DisplayDPS="4" DisplayColorIndex="7" Interpolate="1" Script="choose('G Combined' [G] &gt;= 1.0 AND 'G Combined' [G] &lt;= 4.0, 'G Combined' [G], invalid())" SampleRate="0" Unit="G"/>
  <MathExpression Id="Grip Cornering" DisplayUnit="G" DisplayDPS="4" DisplayColorIndex="2" Interpolate="1" Script="choose('G Lateral stat' [G] &gt;= 0.5 AND 'G Lateral Stat' [G] &lt;= 5, 'G Lateral stat' [G], invalid())" SampleRate="0" Unit="G"/>
  <MathExpression Id="Grip Braking" DisplayUnit="G" DisplayDPS="2" DisplayColorIndex="0" Interpolate="1" Script="-choose('G Long' [G] &lt;= -1.0 AND 'G long' [G] &gt;= -3, 'G Long' [G], invalid())" SampleRate="0" Unit="G"/>
  <MathExpression Id="Grip Traction" DisplayUnit="G" DisplayDPS="4" DisplayColorIndex="6" Interpolate="1" Script="choose('G Long' [G] &gt; 0 AND 'G Lateral stat' [G] &gt;= 0.5, choose('G Combined' [G] &lt;= 5, 'G combined' [G], invalid()), invalid())" SampleRate="0" Unit="G"/>
  <MathExpression Id="Grip Corner Aero" DisplayUnit="G" DisplayDPS="4" DisplayColorIndex="3" Interpolate="1" Script="choose('G Lateral stat' [G] &gt;= 1.0 AND 'G Lateral stat' [G] &lt;= 5 AND 'SPEED' [km/h] &gt;= 120, 'G Lateral stat' [G], invalid())" SampleRate="0" Unit="G"/>
  <MathExpression Id="Grip Corner Mechanical" DisplayUnit="G" DisplayDPS="4" DisplayColorIndex="12" Interpolate="1" Script="choose('G Lateral stat' [G] &gt;= 0.5 AND 'G Lateral stat' [G] &lt;= 5 AND 'SPEED' [km/h] &lt;= 120, 'G Lateral stat' [G], invalid())" SampleRate="0" Unit="G"/>
  <MathExpression Id="Grip Trail Braking" DisplayUnit="G" DisplayDPS="4" DisplayColorIndex="6" Interpolate="1" Script="choose('G Long' [G] &lt;= -0.5 AND 'G Lateral stat' [G] &gt;= 0.5, choose('G Combined' [G] &lt;= 5, 'G combined' [G], invalid()), invalid())" SampleRate="0" Unit="G"/>
 </MathItems>
</Maths>
