<?xml version="1.0"?>
<Overrides Locale="English_United Kingdom.1252" DefaultLocale="C">
 <Override Id="Accel LH Corner Lap Time Percentage" AnalysisInterpolationMode="2"/>
 <Override Id="Accel RH Corner Lap Time Percentage" AnalysisInterpolationMode="2"/>
 <Override Id="Ackermann Angle" DisplayColorIndex="3"/>
 <Override Id="Air Temp Inlet" DisplayMax="332.149993999999992" DisplayMin="272.149993999999992" AutoScale="0"/>
 <Override Id="Angular Velocity" DisplayColorIndex="3"/>
 <Override Id="Att Vel Int" DisplayDPS="4"/>
 <Override Id="Att Vel Int Understeer Lap" DisplayColorIndex="7"/>
 <Override Id="Attitude Velocity" DisplayColorIndex="12" DisplayDPS="4"/>
 <Override Id="Attitude Velocity Smoothness" DisplayDPS="3"/>
 <Override Id="Average Front Susp Height" DisplayColorIndex="3"/>
 <Override Id="Average Lap Time" DisplayFormat="1"/>
 <Override Id="Average Rear Susp Height" DisplayColorIndex="0"/>
 <Override Id="Average Ride Height" DisplayColorIndex="7"/>
 <Override Id="Avg Rake 1st Half" AnalysisInterpolationMode="1"/>
 <Override Id="Avg Total Abs Damper" DisplayColorIndex="1"/>
 <Override Id="BRAKE" AnalysisInterpolationMode="3"/>
 <Override Id="BRAKE_TEMP_LF" DisplayColorIndex="4" AnalysisInterpolationMode="3"/>
 <Override Id="BRAKE_TEMP_LR" DisplayColorIndex="3" AnalysisInterpolationMode="3"/>
 <Override Id="BRAKE_TEMP_RF" DisplayColorIndex="0" AnalysisInterpolationMode="3"/>
 <Override Id="BRAKE_TEMP_RR" DisplayColorIndex="13" AnalysisInterpolationMode="3"/>
 <Override Id="BUMPSTOPUP_RIDE_LF" DisplayColorIndex="2"/>
 <Override Id="BUMPSTOPUP_RIDE_LR" DisplayColorIndex="7"/>
 <Override Id="BUMPSTOPUP_RIDE_RF" DisplayColorIndex="0"/>
 <Override Id="BUMPSTOPUP_RIDE_RR" DisplayColorIndex="13"/>
 <Override Id="BUMPSTOP_DAMP_LF" DisplayColorIndex="4" AnalysisInterpolationMode="3"/>
 <Override Id="BUMPSTOP_FORCE_LF" DisplayColorIndex="4" AnalysisInterpolationMode="3"/>
 <Override Id="BUMPSTOP_FORCE_LR" DisplayColorIndex="3"/>
 <Override Id="Bat Volts ADL" DisplayMax="15.000000000000000" DisplayMin="10.000000000000000" AutoScale="0"/>
 <Override Id="Brake Dist" AnalysisInterpolationMode="2"/>
 <Override Id="Brake Dist Lap" AnalysisInterpolationMode="2"/>
 <Override Id="Brake Dist Percentage" AnalysisInterpolationMode="2"/>
 <Override Id="Brake Factor" DisplayDPS="4"/>
 <Override Id="Brake LH Corner Lap Time Percentage" AnalysisInterpolationMode="2" DisplayColorIndex="7"/>
 <Override Id="Brake RH Corner Lap Time Percentage" AnalysisInterpolationMode="2"/>
 <Override Id="Brake Section Start Position" AnalysisInterpolationMode="0"/>
 <Override Id="Brake Temp Balance" DisplayDPS="2"/>
 <Override Id="Calc Lap Time" DisplayDPS="3" DisplayFormat="0" AnalysisInterpolationMode="1"/>
 <Override Id="Calc Lap Time Constant" AnalysisInterpolationMode="0" DisplayFormat="0"/>
 <Override Id="Calc Section Time" AnalysisInterpolationMode="2"/>
 <Override Id="Coast Factor Lap" AnalysisInterpolationMode="2"/>
 <Override Id="Corner Entry Speed" DisplayColorIndex="7"/>
 <Override Id="Corner Exit Speed (1)" DisplayColorIndex="13"/>
 <Override Id="Corner Radius" AutoScale="0" DisplayMin="0.000000000000000" DisplayMax="2000.000000000000000"/>
 <Override Id="Corr Dist" DisplayDPS="3"/>
 <Override Id="Corr Lap Dist" DisplayDPS="1" AnalysisInterpolationMode="2"/>
 <Override Id="Corr Speed" DisplayDPS="2"/>
 <Override Id="Cumulative Variance" AutoScale="0" AnalysisInterpolationMode="1" DisplayMin="-2.500000000000000" DisplayMax="2.000000000000000" DisplayDPS="3"/>
 <Override Id="Curvature" AutoScale="1" DisplayColorIndex="13" AnalysisInterpolationMode="3" DisplayMin="0.000000000000000" DisplayMax="7.000000000000000" DisplayDPS="4"/>
 <Override Id="Curvature (1)" DisplayDPS="2" AutoScale="0" DisplayColorIndex="7" DisplayMin="0.000000000000000" DisplayMax="10000.000000000000000"/>
 <Override Id="Curvature Filtered" DisplayColorIndex="0"/>
 <Override Id="Curvature Rate" DisplayColorIndex="2" AutoScale="0" DisplayMin="-5.000000000000000" DisplayMax="5.000000000000000"/>
 <Override Id="Curvature Rate Raw" DisplayColorIndex="2" AutoScale="0" DisplayMin="-10.000000000000000" DisplayMax="10.000000000000000"/>
 <Override Id="Curvature Raw" DisplayColorIndex="11" AutoScale="0" DisplayMin="0.000000000000000" DisplayMax="10.000000000000000"/>
 <Override Id="Damper FL filtered" DisplayColorIndex="12"/>
 <Override Id="Damper Vel FL" AnalysisInterpolationMode="3" DisplayColorIndex="4"/>
 <Override Id="Damper Vel FR" AnalysisInterpolationMode="3" AutoScale="0" DisplayColorIndex="0" DisplayMin="-0.300000000000000" DisplayMax="0.300000000000000"/>
 <Override Id="Damper Vel RL" AutoScale="0" DisplayColorIndex="3" DisplayMin="-0.300000000000000" DisplayMax="0.300000000000000"/>
 <Override Id="Damper Vel RR" AutoScale="0" DisplayColorIndex="13" DisplayMin="-0.300000000000000" DisplayMax="0.300000000000000"/>
 <Override Id="Delta Section Best" AnalysisInterpolationMode="2"/>
 <Override Id="Delta Section Variance" AutoScale="1" AnalysisInterpolationMode="1" DisplayMin="-1.000000000000000" DisplayMax="1.000000000000000"/>
 <Override Id="Delta section variance report" AnalysisInterpolationMode="1" DisplayDPS="2"/>
 <Override Id="DeltaSectionSmoothness" AutoScale="0" DisplayMin="-1.000000000000000" DisplayMax="1.000000000000000" DisplayDPS="3"/>
 <Override Id="Dive Speed" DisplayDPS="2"/>
 <Override Id="Eng Oil Pres" DisplayMax="600000.000000000000000" DisplayMin="0.000000000000000" AutoScale="0"/>
 <Override Id="Eng Oil Temp" DisplayMax="382.149993999999992" DisplayMin="272.149993999999992" AutoScale="0"/>
 <Override Id="Engine RPM" DisplayMax="837.758057000000008" DisplayMin="0.000000000000000" AutoScale="0"/>
 <Override Id="Engine Temp" DisplayMax="382.149993999999992" DisplayMin="272.149993999999992" AutoScale="0"/>
 <Override Id="FL Bumpstop Lap Time %" AnalysisInterpolationMode="2"/>
 <Override Id="FL Damper Accel Test" AnalysisInterpolationMode="3"/>
 <Override Id="FL Damper Fast Bump Per" DisplayDPS="2"/>
 <Override Id="FL Damper Fast Rebound Per" DisplayDPS="2"/>
 <Override Id="FL Damper Slow Bump Per" DisplayDPS="2"/>
 <Override Id="FL Damper Slow Rebound Per" DisplayDPS="2"/>
 <Override Id="FL Wheel Temp Speed" DisplayDPS="4"/>
 <Override Id="FR Damper Fast Bump Per" DisplayDPS="2"/>
 <Override Id="FR Damper Fast Rebound Per" DisplayDPS="2"/>
 <Override Id="FR Damper Slow Bump Per" DisplayDPS="2"/>
 <Override Id="FR Damper Slow Rebound Per" DisplayDPS="2"/>
 <Override Id="FR Wheel Temp Speed" DisplayDPS="4" DisplayColorIndex="0"/>
 <Override Id="Front Rear Tire Temp Difference" DisplayDPS="3"/>
 <Override Id="Front Roll" DisplayDPS="4"/>
 <Override Id="Front Roll Angle" DisplayDPS="3"/>
 <Override Id="Front Roll Gradient [mm/G].A" DisplayColorIndex="4" AnalysisInterpolationMode="2"/>
 <Override Id="Front Roll Gradient.A" DisplayDPS="4"/>
 <Override Id="Front Susp Height" DisplayDPS="4" DisplayColorIndex="4"/>
 <Override Id="Front Tire Pressure Avg" DisplayColorIndex="6"/>
 <Override Id="Front-Rear Pitch" DisplayColorIndex="13" AnalysisInterpolationMode="3" DisplayDPS="4"/>
 <Override Id="Fuel Pres" DisplayMax="600000.000000000000000" DisplayMin="0.000000000000000" AutoScale="0"/>
 <Override Id="G Combined" AutoScale="1" DisplayMin="0.000000000000000" DisplayMax="29.419956144652041" DisplayDPS="4"/>
 <Override Id="G Force Lat" DisplayMax="19.613303999999999" DisplayMin="-19.613303999999999" AutoScale="0"/>
 <Override Id="G Force Long" DisplayMax="14.709978000000000" DisplayMin="-14.709978000000000" AutoScale="0"/>
 <Override Id="G Lateral" AutoScale="1" AnalysisInterpolationMode="3" DisplayMin="-24.516630120543368" DisplayMax="24.516630120543368" DisplayDPS="4"/>
 <Override Id="G Lateral ABS" DisplayColorIndex="13" DisplayDPS="4"/>
 <Override Id="G Lateral Reverse" DisplayDPS="4"/>
 <Override Id="G Lateral Smooth" DisplayDPS="4"/>
 <Override Id="G Lateral Smooth ABS" DisplayDPS="4"/>
 <Override Id="G Lateral stat" AutoScale="1" DisplayMin="0.000000000000000" DisplayMax="29.419956144652041"/>
 <Override Id="G Long" DisplayColorIndex="1" AutoScale="1" AnalysisInterpolationMode="3" DisplayMin="-19.613304096434696" DisplayMax="9.806652048217348" DisplayDPS="4"/>
 <Override Id="G Long stat" WarnMax="24.516630120543368" AutoScale="0" DisplayMin="0.000000000000000" DisplayMax="24.516630120543368" DisplayDPS="4"/>
 <Override Id="G lateral stat int" AnalysisInterpolationMode="1"/>
 <Override Id="G lateral stat section max" AnalysisInterpolationMode="0"/>
 <Override Id="GEAR" AutoScale="0" DisplayMin="0.000000000000000" DisplayMax="6.000000000000000"/>
 <Override Id="G_LAT" DisplayDPS="4" AnalysisInterpolationMode="3"/>
 <Override Id="G_LON" AnalysisInterpolationMode="3" DisplayDPS="4"/>
 <Override Id="Grip Braking" AutoScale="1" DisplayMin="-19.613304096434696" DisplayMax="-9.806652048217348" DisplayDPS="4"/>
 <Override Id="Grip Corner Aero" DisplayDPS="4"/>
 <Override Id="Grip Cornering" DisplayDPS="4"/>
 <Override Id="Grip Overall" DisplayDPS="4"/>
 <Override Id="Grip Traction" DisplayDPS="4"/>
 <Override Id="Instantaneous Variance" AutoScale="0" AnalysisInterpolationMode="1" DisplayMin="-0.300000000000000" DisplayMax="0.300000000000000" DisplayDPS="3"/>
 <Override Id="Instantaneous Variance (1)" AutoScale="0" DisplayMin="0.000000000000000" DisplayMax="100.000000000000000"/>
 <Override Id="Inverse Corner Radius" DisplayColorIndex="5" AutoScale="0" DisplayDPS="2" DisplayMin="0.000000000000000" DisplayMax="5.000000000000000"/>
 <Override Id="L-R Roll" AnalysisInterpolationMode="3" DisplayColorIndex="2" DisplayDPS="4"/>
 <Override Id="LH Corner Lap Time Percentage" AnalysisInterpolationMode="2"/>
 <Override Id="LR Roll Gradient.A" DisplayDPS="4"/>
 <Override Id="Lambda 1" DisplayMax="1.100000000000000" DisplayMin="0.800000000000000" AutoScale="0"/>
 <Override Id="Lambda 2" DisplayMax="1.100000000000000" DisplayMin="0.800000000000000" AutoScale="0"/>
 <Override Id="Left Right Tire Temp Difference" DisplayDPS="3"/>
 <Override Id="Manifold Pres" DisplayMax="249999.984375000000000" DisplayMin="0.000000000000000" AutoScale="0"/>
 <Override Id="Max Lat G Section" DisplayColorIndex="0" AnalysisInterpolationMode="2"/>
 <Override Id="Max Lat G Section By Curvature" DisplayColorIndex="13"/>
 <Override Id="Outing Variance Gain" AnalysisInterpolationMode="1"/>
 <Override Id="Oversteer" DisplayMax="0.157079634086134" DisplayMin="-0.157079634086134" DisplayColorIndex="7" AutoScale="0"/>
 <Override Id="Pitch Speed" DisplayDPS="2"/>
 <Override Id="RH Corner Lap Time Percentage" AnalysisInterpolationMode="2"/>
 <Override Id="RL Damper Fast Bump Per" DisplayDPS="2"/>
 <Override Id="RL Damper Fast Rebound Per" DisplayDPS="2"/>
 <Override Id="RL Damper Slow Bump Per" DisplayDPS="2"/>
 <Override Id="RL Damper Slow Rebound Per" DisplayDPS="2"/>
 <Override Id="RL Slip Ratio" DisplayColorIndex="7"/>
 <Override Id="RL Wheel Temp Speed" DisplayDPS="4" DisplayColorIndex="3"/>
 <Override Id="ROTY" DisplayDPS="2" DisplayMin="-1.745329267623711" DisplayUnit="deg/s" AnalysisInterpolationMode="3" DisplayColorIndex="1" AutoScale="1" DisplayMax="1.745329267623711"/>
 <Override Id="RPMs TC" DisplayColorIndex="0"/>
 <Override Id="RR Damper Fast Bump Per" DisplayDPS="2"/>
 <Override Id="RR Damper Fast Rebound Per" DisplayDPS="2"/>
 <Override Id="RR Damper Slow Bump Per" DisplayDPS="2"/>
 <Override Id="RR Damper Slow Rebound Per" DisplayDPS="2"/>
 <Override Id="RR Slip Ratio" DisplayColorIndex="13"/>
 <Override Id="RR Wheel Temp Speed" DisplayColorIndex="13" DisplayDPS="4"/>
 <Override Id="Rake 2nd Half" DisplayColorIndex="6"/>
 <Override Id="Rear Roll" DisplayColorIndex="0" DisplayDPS="4"/>
 <Override Id="Rear Roll Angle" DisplayColorIndex="0"/>
 <Override Id="Rear Roll Gradient [mm/G].A" DisplayColorIndex="0" AnalysisInterpolationMode="2"/>
 <Override Id="Rear Roll Gradient.A" DisplayDPS="4"/>
 <Override Id="Rear Susp Height" DisplayDPS="4"/>
 <Override Id="Rear Tire Pressure Avg" DisplayColorIndex="7"/>
 <Override Id="Roll Ratio" AnalysisInterpolationMode="2"/>
 <Override Id="Roll Ratio Derived" AnalysisInterpolationMode="2" DisplayColorIndex="14" DisplayDPS="4"/>
 <Override Id="Roll Speed" DisplayDPS="4"/>
 <Override Id="Roll Speed Front" DisplayDPS="4"/>
 <Override Id="Roll Speed Rear" DisplayColorIndex="6" DisplayDPS="4"/>
 <Override Id="Roll rate" DisplayColorIndex="1"/>
 <Override Id="SPEED" DisplayDPS="1" DisplayUnit="km/h" DisplayColorIndex="4"/>
 <Override Id="STEERANGLE" AutoScale="1" AnalysisInterpolationMode="3" DisplayMin="-4.363323169059277" DisplayMax="4.363323169059277"/>
 <Override Id="SUS_TRAVEL_LF" DisplayDPS="1" DisplayColorIndex="4" AnalysisInterpolationMode="3"/>
 <Override Id="SUS_TRAVEL_LR" DisplayDPS="1" DisplayColorIndex="3" AnalysisInterpolationMode="3"/>
 <Override Id="SUS_TRAVEL_RF" DisplayDPS="1" AnalysisInterpolationMode="3" DisplayColorIndex="0"/>
 <Override Id="SUS_TRAVEL_RR" DisplayColorIndex="13" AnalysisInterpolationMode="3" DisplayDPS="1"/>
 <Override Id="Section Max Lat G At Throttle" DisplayColorIndex="2" AnalysisInterpolationMode="2"/>
 <Override Id="Section Throttle Acceptance" AnalysisInterpolationMode="3" AutoScale="0" DisplayMin="0.000000000000000" DisplayMax="2.000000000000000"/>
 <Override Id="Section Throttle Acceptance " AnalysisInterpolationMode="2"/>
 <Override Id="Section-Specific Variance" DisplayColorIndex="8" AutoScale="0" DisplayMin="-1.000000000000000" DisplayMax="1.000000000000000" DisplayDPS="3"/>
 <Override Id="SectionRunningTime (1)" AutoScale="0" DisplayMin="-1.000000000000000" DisplayMax="1.000000000000000"/>
 <Override Id="Slip Ratio" AutoScale="0" DisplayMin="-0.400000000000000" DisplayMax="0.400000000000000"/>
 <Override Id="Squat Speed" DisplayDPS="2"/>
 <Override Id="Stability KPI" DisplayDPS="4"/>
 <Override Id="Steered Angle" DisplayMax="0.174533000000000" DisplayMin="-0.174533000000000" AutoScale="1"/>
 <Override Id="Susp Bump Travel LF" AnalysisInterpolationMode="0"/>
 <Override Id="Susp Bump Travel LR" DisplayColorIndex="6" AnalysisInterpolationMode="0"/>
 <Override Id="Susp Bump Travel RF" AnalysisInterpolationMode="0"/>
 <Override Id="Susp Bump Travel RR" AnalysisInterpolationMode="0"/>
 <Override Id="Susp FL Zeroed" DisplayColorIndex="4"/>
 <Override Id="Susp FR Zeroed" DisplayColorIndex="0"/>
 <Override Id="Susp RL Zeroed" DisplayColorIndex="3"/>
 <Override Id="Susp RR Zeroed" DisplayColorIndex="13"/>
 <Override Id="TC" DisplayDPS="3"/>
 <Override Id="THROTTLE" AnalysisInterpolationMode="3" DisplayColorIndex="2" DisplayDPS="2"/>
 <Override Id="TYRE_PRESS_LF" DisplayDPS="3" DisplayColorIndex="4"/>
 <Override Id="TYRE_PRESS_LR" DisplayDPS="3" DisplayColorIndex="3"/>
 <Override Id="TYRE_PRESS_RF" DisplayDPS="3" DisplayColorIndex="0"/>
 <Override Id="TYRE_PRESS_RR" DisplayDPS="3" DisplayColorIndex="13"/>
 <Override Id="TYRE_TAIR_LF" DisplayDPS="3" AnalysisInterpolationMode="3" DisplayColorIndex="4"/>
 <Override Id="TYRE_TAIR_LR" DisplayDPS="3" AnalysisInterpolationMode="3" DisplayColorIndex="3"/>
 <Override Id="TYRE_TAIR_RF" DisplayDPS="3" AnalysisInterpolationMode="3" DisplayColorIndex="0"/>
 <Override Id="TYRE_TAIR_RR" DisplayDPS="3" AnalysisInterpolationMode="3" DisplayColorIndex="13"/>
 <Override Id="Throttle Per" DisplayDPS="2"/>
 <Override Id="Throttle Pos" DisplayMax="1.000000000000000" DisplayMin="0.000000000000000" AutoScale="0"/>
 <Override Id="Throttle TC" DisplayColorIndex="11"/>
 <Override Id="Tire 2020 Pressure Change FL" DisplayDPS="1" DisplayColorIndex="4"/>
 <Override Id="Tire 2020 Pressure Change FR" DisplayDPS="1"/>
 <Override Id="Tire 2020 Pressure Change RL" DisplayDPS="1" DisplayColorIndex="3"/>
 <Override Id="Tire 2020 Pressure Change RR" DisplayDPS="1" DisplayColorIndex="5"/>
 <Override Id="Tire GT4 Pressure Change FL" DisplayColorIndex="4"/>
 <Override Id="Tire GT4 Pressure Change RL" DisplayColorIndex="3"/>
 <Override Id="Tire GT4 Pressure Change RR" DisplayColorIndex="13"/>
 <Override Id="Total Pitch Angle" DisplayDPS="2" DisplayColorIndex="13" AnalysisInterpolationMode="0"/>
 <Override Id="Total Roll Angle" DisplayDPS="2"/>
 <Override Id="Total Roll Gradient [mm/G].A" DisplayColorIndex="7" AnalysisInterpolationMode="2"/>
 <Override Id="Total Susp Height" DisplayDPS="4"/>
 <Override Id="Tyre Temp FL Centre" DisplayColorIndex="3"/>
 <Override Id="Tyre Temp FL Inner" DisplayColorIndex="5"/>
 <Override Id="Tyre Temp FL Outer" DisplayColorIndex="7"/>
 <Override Id="Tyre Temp FR Inner" DisplayColorIndex="6"/>
 <Override Id="Tyre Temp FR Outer" DisplayColorIndex="1"/>
 <Override Id="Understeer Angle" AutoScale="1" DisplayColorIndex="7" DisplayMin="-0.069813170704948" DisplayMax="0.104719756057423" DisplayDPS="4"/>
 <Override Id="Unsmooth Section Variance" DisplayColorIndex="8" AutoScale="0" DisplayMin="-0.500000000000000" DisplayMax="0.500000000000000"/>
 <Override Id="Variance Gain" DisplayColorIndex="2" AnalysisInterpolationMode="1"/>
 <Override Id="Variance Loss" DisplayColorIndex="0" AnalysisInterpolationMode="1"/>
 <Override Id="Variance Test" AutoScale="0" DisplayMin="-0.500000000000000" DisplayMax="0.500000000000000"/>
 <Override Id="Variance another" DisplayColorIndex="8"/>
 <Override Id="WHEEL_SPEED_LR" DisplayColorIndex="3" DisplayDPS="2"/>
 <Override Id="WHEEL_SPEED_RR" DisplayColorIndex="4" DisplayDPS="2"/>
 <Override Id="Wheel Speed FL" DisplayColorIndex="4"/>
 <Override Id="Wheel Speed FR" DisplayColorIndex="0"/>
 <Override Id="Wheel Speed RL" DisplayColorIndex="3"/>
 <Override Id="Wheel Speed RR" DisplayColorIndex="13"/>
 <Override Id="Yaw Rate Smooth" DisplayColorIndex="9"/>
 <Override Id="glat" DisplayColorIndex="3" AutoScale="0" DisplayMin="-29.419956144652041" DisplayMax="29.419956144652041"/>
 <Override Id="glong" AutoScale="0" DisplayMin="0.000000000000000" DisplayMax="9.806652048217348"/>
</Overrides>
