<?xml version="1.0"?>
<Maths Locale="English_United Kingdom.1252" DefaultLocale="C" Id="Manic">
 <MathConstants>
  <MathConstant Name="Front Track" Value="1.679" Unit="m"/>
  <MathConstant Name="PI" Value="3.14159265" Unit=""/>
  <MathConstant Name="Radian To Deg" Value="57.2957795131" Unit="deg"/>
  <MathConstant Name="Rear Track" Value="1.651" Unit="m"/>
  <MathConstant Name="Steering Ratio In Settings" Value="14" Unit="" Value.Min="11" Value.Max="18" Comment="Lambo: 11   Merc AMG 2020: 14 Ferrari EVO: 14  Mclaren 720s: 13 Porsche Cayman GT4: 18" QuickEdit="1"/>
  <MathConstant Name="Vehicle Wheelbase" Value="2.645" Unit="m"/>
 </MathConstants>
 <MathItems>
  <MathExpression Id="Corner Radius" DisplayUnit="m" DisplayDPS="2" DisplayColorIndex="0" Interpolate="1" Script="sqrt(

sqr(

sqr('corr speed' [m/s])
/
'G Lateral' [m/s/s]
)
)" SampleRate="0" Unit="m"/>
  <MathExpression Id="Curvature" DisplayUnit="1/m" DisplayDPS="4" DisplayColorIndex="0" Interpolate="1" Script="choose('Corr Speed' [km/h] &gt; 20,  (1 / 'Corner Radius' [m]) * 100, invalid())" SampleRate="0" Unit="1/m"/>
  <MathExpression Id="SectionRunningTime" DisplayDPS="3" DisplayColorIndex="0" Interpolate="1" Script="'Calc Outing Time' [s]-stat_start('Calc Outing Time' [s],1,range_change(&quot;Outings:Laps:Track Sections:Default&quot;))" SampleRate="0" Unit=""/>
  <MathExpression Id="Steering Angle ABS" DisplayUnit="deg" DisplayDPS="0" DisplayColorIndex="6" Interpolate="1" Script="abs('STEERANGLE' [deg])" SampleRate="0" Unit="deg"/>
  <MathExpression Id="Instantaneous Variance" DisplayUnit="s" DisplayDPS="2" DisplayColorIndex="8" Interpolate="0" Script="derivative(variance_dist('Calc Outing Time' [s]), 101)" SampleRate="0" Unit="s"/>
  <MathExpression Id="Cumulative Variance" DisplayUnit="s" DisplayDPS="2" DisplayColorIndex="8" Interpolate="1" Script="variance_dist('Calc Lap Time' [s])" SampleRate="0" Unit="s"/>
  <MathExpression Id="Delta Section Variance" DisplayUnit="s" DisplayDPS="2" DisplayColorIndex="8" Interpolate="0" Script="integrate('Instantaneous Variance' [s], 1, range_change(&quot;Outings:Laps:Track Sections:Default&quot;))" SampleRate="0" Unit="s"/>
  <MathExpression Id="Curvature Rate" DisplayUnit="gain" DisplayDPS="2" DisplayColorIndex="2" Interpolate="1" Script="filter_lp(derivative('Curvature' [m]), 1)" SampleRate="0" Unit="gain"/>
  <MathExpression Id="Curvature Rate Raw" DisplayUnit="gain" DisplayDPS="2" DisplayColorIndex="2" Interpolate="1" Script="derivative('Curvature' [m])" SampleRate="0" Unit="gain"/>
  <MathExpression Id="Curvature Raw" DisplayUnit="m" DisplayDPS="2" DisplayColorIndex="7" Interpolate="1" Script="1 / 'Corner Radius' [m]" SampleRate="0" Unit="km"/>
  <MathExpression Id="Full Throttle Time" DisplayDPS="2" DisplayColorIndex="2" Interpolate="1" Script="integrate('Corr Speed' [km/h]/'Corr Speed' [km/h], 'THROTTLE' [%] &gt; 95,range_change(&quot;Outings:Laps&quot;))" SampleRate="0" Unit=""/>
  <MathExpression Id="Calc Lap Time Constant" DisplayUnit="s" DisplayDPS="3" DisplayColorIndex="6" Interpolate="1" Script="stat_max('Calc Lap Time' [s], 1, range_change(&quot;Outings:Laps&quot;))

+ 0.001" SampleRate="0" Unit="s"/>
  <MathExpression Id="Throttle Speed" DisplayUnit="%/s" DisplayDPS="2" DisplayColorIndex="14" Interpolate="1" Script="choose('Throttle' [%] &lt; 100 AND 'BRAKE' [%] &lt; 5 AND 'Corr Speed' [km/h] &gt; 10, 
choose(derivative('THROTTLE' [%]) &gt; 0, derivative('Throttle'[%]), invalid())
,
invalid()
)" SampleRate="0" Unit="%/s"/>
  <MathExpression Id="Brake Temp Balance" DisplayUnit="%" DisplayDPS="2" DisplayColorIndex="6" Interpolate="1" Script="(
('Brake Temp FL' [C] + 'Brake Temp FR' [C])
/
('Brake Temp FL' [C] + 'Brake Temp FR' [C] + 'Brake Temp RL' [C] +'Brake Temp RR' [C])
)
* 100" SampleRate="0" Unit="%"/>
  <MathExpression Id="Steered Angle Manic" DisplayUnit="deg" DisplayDPS="2" DisplayColorIndex="0" Interpolate="1" Script="(1/ 'Steering Ratio In Settings')

* 'STEERANGLE' [deg]" SampleRate="0" Unit="deg"/>
  <MathExpression Id="Ackermann Angle" DisplayUnit="deg" DisplayDPS="2" DisplayColorIndex="3" Interpolate="1" Script="choose('corr speed' [km/h] &gt; 30,
'G Lateral' [m/s/s]
/
sqr('Speed' [m/s])
*
'Vehicle Wheelbase' [m]
*
'Radian To Deg' [deg]
, invalid())" SampleRate="20" Unit="deg"/>
  <MathExpression Id="Understeer Angle" DisplayUnit="deg" DisplayDPS="4" DisplayColorIndex="7" Interpolate="1" Script="
choose('corr speed' [km/h] &lt; 30, invalid(), abs('Steered Angle Manic' [deg]) - abs('Ackermann Angle' [deg]))
" SampleRate="0" Unit="deg"/>
  <MathExpression Id="Calc Lap Dist Constant" DisplayUnit="m" DisplayDPS="3" DisplayColorIndex="6" Interpolate="1" Script="stat_max('Corr Lap Dist' [m], 1, range_change(&quot;Outings:Laps&quot;))" SampleRate="0" Unit="m"/>
  <MathExpression Id="Variance Gain" DisplayUnit="s" DisplayDPS="2" DisplayColorIndex="2" Interpolate="0" Script="integrate('Instantaneous Variance' [s], 'Instantaneous Variance' [s] &gt; 0, range_change(&quot;Outings:Laps:Track Sections:Default&quot;))" SampleRate="0" Unit="s"/>
  <MathExpression Id="Variance Loss" DisplayUnit="s" DisplayDPS="2" DisplayColorIndex="0" Interpolate="0" Script="integrate('Instantaneous Variance' [s], 'Instantaneous Variance' [s] &lt; 0, range_change(&quot;Outings:Laps:Track Sections:Default&quot;))" SampleRate="0" Unit="s"/>
  <MathExpression Id="Calc Section Time" DisplayUnit="s" DisplayDPS="3" DisplayColorIndex="7" Interpolate="1" Script="integrate('Calc Outing Time' [s]/'Calc Outing Time' [s], 'Calc Outing Time' [s] &gt; 0.001, range_change(&quot;Outings:Laps:Track Sections:Default&quot;))" SampleRate="0" Unit="s"/>
  <MathExpression Id="Delta section variance report" DisplayDPS="3" DisplayColorIndex="5" Interpolate="1" Script="stat_max('Variance Gain' [s], 1, range_change(&quot;Outings:Laps:Track Sections:Default&quot;))
+
stat_min('Variance Loss' [s], 1, range_change(&quot;Outings:Laps:Track Sections:Default&quot;))" SampleRate="0" Unit=""/>
  <MathExpression Id="Average Lap Time" DisplayUnit="s" DisplayDPS="3" DisplayColorIndex="0" Interpolate="1" Script="stat_mean(stat_max('Calc Lap Time' [s], 1, range_change(&quot;Outings:Laps&quot;)))" SampleRate="0" Unit="s"/>
  <MathExpression Id="Curvature Filtered" DisplayUnit="1/m" DisplayDPS="4" DisplayColorIndex="0" Interpolate="1" Script="filter_lp('Curvature' [1/m], 1)" SampleRate="0" Unit="1/m"/>
  <MathExpression Id="Max Lat G Section" DisplayUnit="G" DisplayDPS="2" DisplayColorIndex="0" Interpolate="0" Script="stat_max('G Lateral Stat' [G], 'THROTTLE' [%] &lt; 95 AND 'G lateral Stat' [G] &gt; 1 AND 'Calc Section Time' [s] &gt; 1, range_change(&quot;Outings:Laps:Track Sections:Default&quot;))" SampleRate="0" Unit="G"/>
  <MathExpression Id="Section Max Lat G At Throttle" DisplayUnit="G" DisplayDPS="2" DisplayColorIndex="2" Interpolate="0" Script="stat_max('G Lateral stat' [G], 

'THROTTLE' [%] == 100
, 

range_change(&quot;Outings:Laps:Track Sections:Default&quot;))" SampleRate="1000" Unit="G"/>
  <MathExpression Id="Section Lat G At Throttle" DisplayUnit="G" DisplayDPS="2" DisplayColorIndex="2" Interpolate="1" Script="choose('THROTTLE' [%] &gt; 99 AND 'THROTTLE' [%] &lt; 99.9 AND 'Calc Section Time' [s] &gt; 1, 'G Lateral smooth ABS' [G], invalid())" SampleRate="0" Unit="G"/>
  <MathExpression Id="Section Throttle Acceptance" DisplayUnit="%" DisplayDPS="2" DisplayColorIndex="3" Interpolate="0" Script="(
'Section Lat G At Throttle' [G]
/
'Max Lat G Section' [G]
)

*100
" SampleRate="0" Unit="%"/>
  <MathExpression Id="Coast Factor Trigger" DisplayDPS="0" DisplayColorIndex="0" Interpolate="0" Script="choose('THROTTLE' [%] &lt; 5 AND 'BRAKE' [%] &lt; 5, 1, 0)" SampleRate="0" Unit=""/>
  <MathExpression Id="Coast Factor" DisplayUnit="%" DisplayDPS="2" DisplayColorIndex="1" Interpolate="1" Script="integrate('Coast Factor Trigger', 'Corr Speed' [km/h] &gt; 0)" SampleRate="0" Unit="%"/>
  <MathExpression Id="Understeer Angle TC" DisplayUnit="deg" DisplayDPS="2" DisplayColorIndex="4" Interpolate="1" Script="choose('TC' [..] &gt; 0, 'Understeer Angle' [deg], invalid())" SampleRate="0" Unit="deg"/>
  <MathExpression Id="Throttle TC" DisplayUnit="%" DisplayDPS="2" DisplayColorIndex="1" Interpolate="1" Script="choose('TC' [..] &gt; 0, 'THROTTLE' [%], invalid())" SampleRate="0" Unit="%"/>
  <MathExpression Id="RPMs TC" DisplayUnit="rpm" DisplayDPS="2" DisplayColorIndex="6" Interpolate="1" Script="choose('TC' [..] &gt; 0, 'RPMS' [1/min], invalid())" SampleRate="0" Unit="rpm"/>
  <MathExpression Id="Max Lat G Section By Curvature" DisplayUnit="G" DisplayDPS="2" DisplayColorIndex="13" Interpolate="0" Script="stat_max('G Lateral stat' [G], 'Curvature Filtered' == stat_max('Curvature Filtered', 1,  range_change(&quot;Outings:Laps:Track Sections:Default&quot;)) , range_change(&quot;Outings:Laps:Track Sections:Default&quot;))" SampleRate="0" Unit="G"/>
  <MathExpression Id="Throttle Speed" DisplayUnit="%/s" DisplayDPS="2" DisplayColorIndex="0" Interpolate="1" Script="derivative('THROTTLE' [%])" SampleRate="0" Unit="%/s"/>
  <MathExpression Id="Steer Speed" DisplayUnit="deg/s" DisplayDPS="2" DisplayColorIndex="2" Interpolate="1" Script="abs(derivative('STEERANGLE' [deg]))" SampleRate="0" Unit="deg/s"/>
  <MathExpression Id="Brake Speed" DisplayUnit="%/s" DisplayDPS="2" DisplayColorIndex="7" Interpolate="1" Script="derivative('Brake' [%])" SampleRate="0" Unit="%/s"/>
  <MathExpression Id="Brake Aggressive" DisplayUnit="%/s" DisplayDPS="2" DisplayColorIndex="0" Interpolate="1" Script="choose('Brake Speed' [%/s] &gt; 0, 'Brake Speed' [%/s], invalid())" SampleRate="0" Unit="%/s"/>
  <MathExpression Id="Brake Release" DisplayUnit="%/s" DisplayDPS="2" DisplayColorIndex="3" Interpolate="1" Script="abs(choose('Brake Speed' [%/s] &lt; 0, 'Brake Speed' [%/s], invalid()))" SampleRate="0" Unit="%/s"/>
  <MathExpression Id="Curvature Speed" DisplayDPS="2" DisplayColorIndex="4" Interpolate="1" Script="derivative('Curvature Filtered')" SampleRate="0" Unit=""/>
  <MathExpression Id="Corner Exit Speed Old Ver" DisplayUnit="km/h" DisplayDPS="2" DisplayColorIndex="5" Interpolate="1" Script="choose('Corr Lap Dist' [m] &gt; stat_max('Corr Lap Dist' [m], 1, range_change(&quot;Outings:Laps:Track Sections:Default&quot;)) - 50 
AND 'Throttle' [%] &gt; 99
,'Corr Speed' [km/h],
 invalid())" SampleRate="0" Unit="km/h"/>
  <MathExpression Id="Corner Entry Speed" DisplayUnit="km/h" DisplayDPS="2" DisplayColorIndex="7" Interpolate="1" Script="choose('ROTY ABS' [deg/s] &lt; 5 AND 'Throttle' [%] &lt; 5, 'Corr Speed' [km/h], invalid())" SampleRate="0" Unit="km/h"/>
  <MathExpression Id="Brake Factor" DisplayDPS="0" DisplayColorIndex="0" Interpolate="0" Script="choose('BRAKE' [%] &gt; 1, 1, 0)" SampleRate="0" Unit=""/>
  <MathExpression Id="TC Per" DisplayUnit="%" DisplayDPS="2" DisplayColorIndex="0" Interpolate="0" Script="'TC' [..] * 100" SampleRate="0" Unit="%"/>
  <MathExpression Id="Coast Factor Per" DisplayUnit="%" DisplayDPS="2" DisplayColorIndex="1" Interpolate="1" Script="choose('Corr Speed' [km/h] &gt; 10, 'Coast Factor Trigger' * 100, invalid())" SampleRate="0" Unit="%"/>
  <MathExpression Id="Full Throttle Trigger" DisplayDPS="0" DisplayColorIndex="0" Interpolate="0" Script="choose('THROTTLE' [%] &gt; 99, 1, 0)" SampleRate="0" Unit=""/>
  <MathExpression Id="Throttle Per" DisplayUnit="%" DisplayDPS="0" DisplayColorIndex="1" Interpolate="0" Script="'Full Throttle Trigger' * 100" SampleRate="0" Unit="%"/>
  <MathExpression Id="Corner Exit Speed" DisplayUnit="km/h" DisplayDPS="2" DisplayColorIndex="13" Interpolate="1" Script="choose( 'ROTY ABS' [deg/s] &lt; 5
AND 'Throttle' [%] &gt; 99
AND 'Brake' [%]  == 0
AND 'Calc Section Time' [s] &gt; 1
,'Corr Speed' [km/h],
 invalid())" SampleRate="0" Unit="km/h"/>
  <MathExpression Id="ABS Per" DisplayUnit="%" DisplayDPS="2" DisplayColorIndex="1" Interpolate="0" Script="'ABS' [..] * 100" SampleRate="0" Unit="%"/>
  <MathExpression Id="Brake ABS" DisplayUnit="%" DisplayDPS="2" DisplayColorIndex="1" Interpolate="1" Script="choose('ABS' [..] &gt; 0, 'BRAKE' [%], invalid())" SampleRate="0" Unit="%"/>
  <MathExpression Id="Angular Velocity" DisplayUnit="deg/s" DisplayDPS="2" DisplayColorIndex="3" Interpolate="1" Script="(
'G Lateral' [m/s/s]
/
'Corr Speed' [m/s])
*
57.296" SampleRate="20" Unit="deg/s"/>
  <MathExpression Id="ROTY ABS" DisplayUnit="deg/s" DisplayDPS="4" DisplayColorIndex="14" Interpolate="1" Script="sqrt(sqr('ROTY' [deg/s]))" SampleRate="20" Unit="deg/s"/>
  <MathExpression Id="Attitude Velocity" DisplayUnit="deg/s" DisplayDPS="4" DisplayColorIndex="12" Interpolate="1" Script="
choose('Corr Speed' [km/h] &gt; 30, 'ROTY ABS' [deg/s] - abs('Angular Velocity' [deg/s]), invalid())
" SampleRate="0" Unit="deg/s"/>
  <MathExpression Id="Brake Temp FL" DisplayUnit="C" DisplayDPS="2" DisplayColorIndex="0" Interpolate="1" Script="'BRAKE_TEMP_LF' [C]" SampleRate="0" Unit="C"/>
  <MathExpression Id="Brake Temp FR" DisplayUnit="C" DisplayDPS="2" DisplayColorIndex="0" Interpolate="1" Script="'BRAKE_TEMP_RF' [C]" SampleRate="0" Unit="C"/>
  <MathExpression Id="Brake Temp RL" DisplayUnit="C" DisplayDPS="2" DisplayColorIndex="0" Interpolate="1" Script="'BRAKE_TEMP_LR' [C]" SampleRate="0" Unit="C"/>
  <MathExpression Id="Brake Temp RR" DisplayUnit="C" DisplayDPS="2" DisplayColorIndex="0" Interpolate="1" Script="'BRAKE_TEMP_RR' [C]" SampleRate="0" Unit="C"/>
  <MathExpression Id="Brake Distance" DisplayUnit="m" DisplayDPS="4" DisplayColorIndex="0" Interpolate="1" Script="integrate('SPEED' [m/s], 'BRAKE' [%] &gt; 0)" SampleRate="0" Unit="m"/>
  <MathExpression Id="Brake Dist Per" DisplayUnit="%" DisplayDPS="4" DisplayColorIndex="3" Interpolate="0" Script="choose(derivative('Brake Distance' [m]) &gt; 0, 100, 0)" SampleRate="0" Unit="%"/>
  <MathExpression Id="Cornering Phase Per" DisplayUnit="%" DisplayDPS="2" DisplayColorIndex="0" Interpolate="0" Script="choose('G Lateral stat' [G] &gt; 1, 100, 0)" SampleRate="0" Unit="%"/>
  <MathExpression Id="Att Vel Int" DisplayUnit="deg/s" DisplayDPS="4" DisplayColorIndex="0" Interpolate="1" Script="integrate('Attitude Velocity' [deg/s])" SampleRate="0" Unit="deg/s"/>
  <MathExpression Id="Att Vel Int Oversteer Lap" DisplayUnit="deg/s" DisplayDPS="4" DisplayColorIndex="0" Interpolate="1" Script="integrate('Attitude Velocity' [deg/s], 'Attitude Velocity' [deg/s] &gt; 0, range_change(&quot;Outings:Laps&quot;))" SampleRate="0" Unit="deg/s"/>
  <MathExpression Id="Att Vel Oversteer Int " DisplayUnit="deg/s" DisplayDPS="2" DisplayColorIndex="0" Interpolate="1" Script="integrate('Attitude Velocity' [deg/s], 'Attitude Velocity' [deg/s] &gt; 0)" SampleRate="0" Unit="deg/s"/>
  <MathExpression Id="Att Vel Understeer Int" DisplayUnit="deg/s" DisplayDPS="2" DisplayColorIndex="7" Interpolate="1" Script="integrate('Attitude Velocity' [deg/s], 'Attitude Velocity' [deg/s] &lt; 0)" SampleRate="0" Unit="deg/s"/>
  <MathExpression Id="Att Vel Int Understeer Lap" DisplayUnit="deg/s" DisplayDPS="4" DisplayColorIndex="7" Interpolate="1" Script="integrate('Attitude Velocity' [deg/s], 'Attitude Velocity' [deg/s] &lt; 0, range_change(&quot;Outings:Laps&quot;))" SampleRate="0" Unit="deg/s"/>
  <MathExpression Id="Att Vel Int Lap" DisplayUnit="deg/s" DisplayDPS="4" DisplayColorIndex="0" Interpolate="1" Script="integrate('Attitude Velocity' [deg/s], 1, range_change(&quot;Outings:Laps:Track Sections:Default&quot;))" SampleRate="0" Unit="deg/s"/>
  <MathExpression Id="Yaw Rate Smoothness" DisplayUnit="deg/s" DisplayDPS="2" DisplayColorIndex="0" Interpolate="1" Script="abs('ROTY' [deg/s] - 'Yaw Rate Smooth' [deg/s]) * 100" SampleRate="0" Unit="deg/s"/>
  <MathExpression Id="Yaw Rate Smooth" DisplayUnit="deg/s" DisplayDPS="2" DisplayColorIndex="2" Interpolate="1" Script="smooth('ROTY' [deg/s], 0.5)" SampleRate="0" Unit="deg/s"/>
  <MathExpression Id="Steering Smoothness" DisplayUnit="deg" DisplayDPS="2" DisplayColorIndex="2" Interpolate="1" Script="abs('STEERANGLE' [deg] - smooth('STEERANGLE' [deg], 1.0)) * 100" SampleRate="0" Unit="deg"/>
  <MathExpression Id="Stability KPI" DisplayUnit="ratio" DisplayDPS="2" DisplayColorIndex="3" Interpolate="1" Script="'Steering Smoothness' [deg] / 'Yaw Rate Smoothness' [deg/s]" SampleRate="0" Unit="ratio"/>
  <MathExpression Comment="Outlines relative stability of car during braking by comparing steering over yaw rate. Higher numbers indicate greater car stability, low numbers indicate less car stability." Id="Stability KPI Section" DisplayUnit="ratio" DisplayDPS="2" DisplayColorIndex="3" Interpolate="1" Script="integrate('Steering Smoothness' [deg], 'Brake' [%] &gt; 95, range_change(&quot;Outings:Laps:Track Sections:Default&quot;)) / integrate('Yaw Rate Smoothness' [deg/s], 'BRAKE' [%] &gt; 95, range_change(&quot;Outings:Laps:Track Sections:Default&quot;))" SampleRate="0" Unit="ratio"/>
  <MathExpression Id="Stability KPI Straight Line" DisplayUnit="ratio" DisplayDPS="2" DisplayColorIndex="3" Interpolate="1" Script="integrate('Steering Smoothness' [deg], 'Throttle' [%] &gt; 95 AND 'BRAKE' [%] &lt; 5, range_change(&quot;Outings:Laps:Track Sections:Default:Straights&quot;)) / integrate('Yaw Rate Smoothness' [deg/s], 'Throttle' [%] &gt; 95 AND 'BRAKE' [%] &lt; 5, range_change(&quot;Outings:Laps:Track Sections:Default:Straights&quot;))" SampleRate="0" Unit="ratio"/>
  <MathExpression Id="Att Vel Int Lap Smooth" DisplayUnit="deg/s" DisplayDPS="4" DisplayColorIndex="6" Interpolate="1" Script="smooth('Att Vel Int Lap' [deg/s], 0.5)" SampleRate="0" Unit="deg/s"/>
  <MathExpression Id="Att Vel Int Smooth" DisplayUnit="deg/s" DisplayDPS="4" DisplayColorIndex="6" Interpolate="1" Script="smooth('Att Vel Int' [deg/s], 0.5)" SampleRate="0" Unit="deg/s"/>
  <MathExpression Id="Attitude Velocity Smoothness" DisplayUnit="deg/s" DisplayDPS="3" DisplayColorIndex="4" Interpolate="1" Script="abs('Att Vel Int' [deg/s] - 'Att Vel Int Smooth' [deg/s]) * 100" SampleRate="0" Unit="deg/s"/>
  <MathExpression Id="Brake Section Start Position" DisplayUnit="m" DisplayDPS="2" DisplayColorIndex="0" Interpolate="0" Script="choose('BRAKE' [%] &gt; 5, 'Corr Lap Dist' [m], invalid())" SampleRate="0" Unit="m"/>
  <MathExpression Id="Speed Smoothness" DisplayUnit="km/h" DisplayDPS="2" DisplayColorIndex="0" Interpolate="1" Script="abs('SPEED' [km/h] - smooth('SPEED' [km/h], 0.5)) * 100" SampleRate="0" Unit="km/h"/>
  <MathExpression Id="Combined Grip Smoothness" DisplayUnit="G" DisplayDPS="4" DisplayColorIndex="1" Interpolate="1" Script="abs('G Combined' [G] - smooth('G Combined' [G], 0.5)) * 100" SampleRate="0" Unit="G"/>
  <MathExpression Id="Throttle Smoothness" DisplayUnit="%" DisplayDPS="2" DisplayColorIndex="2" Interpolate="1" Script="abs('THROTTLE' [%] - smooth('THROTTLE' [%], 0.5)) * 100" SampleRate="0" Unit="%"/>
  <MathExpression Id="Brake Smoothness" DisplayUnit="%" DisplayDPS="2" DisplayColorIndex="2" Interpolate="1" Script="abs('BRAKE' [%] - smooth('BRAKE' [%], 0.5)) * 100" SampleRate="0" Unit="%"/>
  <MathExpression Id="Gear Changes" DisplayDPS="0" DisplayColorIndex="0" Interpolate="0" Script="integrate(sgn(abs('GEAR' [no])), abs(derivative('GEAR' [no])) &gt; 0) * 20" SampleRate="0" Unit=""/>
  <MathExpression Id="Gear derivative" DisplayDPS="2" DisplayColorIndex="1" Interpolate="1" Script="derivative('GEAR' [no])" SampleRate="0" Unit=""/>
  <MathExpression Id="Gear Changes Lap" DisplayDPS="0" DisplayColorIndex="0" Interpolate="0" Script="integrate(sgn(abs('GEAR' [no])), abs(derivative('GEAR' [no])) &gt; 0, range_change(&quot;Outings:Laps&quot;)) * 20" SampleRate="0" Unit=""/>
  <MathExpression Id="Rake" DisplayUnit="mm" DisplayDPS="1" DisplayColorIndex="13" Interpolate="1" Script="'Front Susp Height' [mm]

-

'Rear Susp Height' [mm]" SampleRate="0" Unit="mm"/>
  <MathExpression Id="Steer Smooth" DisplayUnit="deg" DisplayDPS="2" DisplayColorIndex="13" Interpolate="1" Script="smooth('STEERANGLE' [deg], 1.0)" SampleRate="0" Unit="deg"/>
 </MathItems>
</Maths>
