<?xml version="1.0"?>
<Maths Locale="English_United Kingdom.1252" DefaultLocale="C" Id="Suspension">
 <MathConstants>
  <MathConstant Name="PI" Value="3.14159265" Unit=""/>
 </MathConstants>
 <MathItems>
  <MathExpression Id="Susp FL Zeroed" DisplayUnit="mm" DisplayDPS="2" DisplayColorIndex="2" Interpolate="1" Script="integrate('Damper Vel FL' [mm/s], 'Calc Outing Time' [s] &gt; 8)" SampleRate="200" Unit="mm"/>
  <MathExpression Id="Susp FR Zeroed" DisplayUnit="mm" DisplayDPS="2" DisplayColorIndex="0" Interpolate="1" Script="integrate('Damper Vel FR' [mm/s], 'Calc Outing Time' [s] &gt; 8)" SampleRate="200" Unit="mm"/>
  <MathExpression Id="Susp RL Zeroed" DisplayUnit="mm" DisplayDPS="2" DisplayColorIndex="3" Interpolate="1" Script="integrate('Damper Vel RL' [mm/s], 'Calc Outing Time' [s] &gt; 8)" SampleRate="200" Unit="mm"/>
  <MathExpression Id="Susp RR Zeroed" DisplayUnit="mm" DisplayDPS="2" DisplayColorIndex="13" Interpolate="1" Script="integrate('Damper Vel RR' [mm/s], 'Calc Outing Time' [s] &gt; 8)" SampleRate="200" Unit="mm"/>
  <MathExpression Id="Front Ride Height" DisplayUnit="mm" DisplayDPS="2" DisplayColorIndex="0" Interpolate="1" Script="(
  ('Susp FL Zeroed' [mm] + 'Susp FR Zeroed' [mm]) / 2
)
-
'Static Front Ride' [mm]" SampleRate="0" Unit="mm"/>
  <MathExpression Id="Rear Ride Height" DisplayUnit="mm" DisplayDPS="2" DisplayColorIndex="3" Interpolate="1" Script="(
  ('Susp RL Zeroed' [mm] + 'Susp RR Zeroed' [mm]) / 2
)
-
'Static Rear Ride' [mm]" SampleRate="0" Unit="mm"/>
  <MathExpression Id="Total Pitch Angle Check " DisplayUnit="deg" DisplayDPS="2" DisplayColorIndex="14" Interpolate="1" Script="atan(

('Front Ride Height' [mm] - 'Rear Ride Height' [mm])
/
'Vehicle Wheelbase' [mm]
)
*
'Radian To Deg' [deg]" SampleRate="0" Unit="deg"/>
  <MathExpression Id="Ride Height Difference" DisplayUnit="mm" DisplayDPS="2" DisplayColorIndex="5" Interpolate="1" Script="'Front Ride Height' [mm]  -  'Rear Ride Height' [mm]" SampleRate="0" Unit="mm"/>
  <MathExpression Id="Total Susp Height" DisplayUnit="mm" DisplayDPS="1" DisplayColorIndex="7" Interpolate="1" Script="('SUS_TRAVEL_LF' [mm] + 'SUS_TRAVEL_LR' [mm] + 'SUS_TRAVEL_RF' [mm] + 'SUS_TRAVEL_RR' [mm])
/
4" SampleRate="0" Unit="mm"/>
  <MathExpression Id="Front Susp Height" DisplayUnit="mm" DisplayDPS="1" DisplayColorIndex="3" Interpolate="1" Script="('SUS_TRAVEL_LF' [mm]  + 'SUS_TRAVEL_RF' [mm])
/
2" SampleRate="0" Unit="mm"/>
  <MathExpression Id="Rear Susp Height" DisplayUnit="mm" DisplayDPS="1" DisplayColorIndex="0" Interpolate="1" Script="('SUS_TRAVEL_LR' [mm]  + 'SUS_TRAVEL_RR' [mm])
/
2" SampleRate="0" Unit="mm"/>
  <MathExpression Id="Susp Bump Travel LF" DisplayUnit="mm" DisplayDPS="1" DisplayColorIndex="6" Interpolate="1" Script="choose('BUMPSTOPUP_RIDE_LF' [..] &gt; 0, 
'SUS_TRAVEL_LF' [mm], 
stat_min('SUS_TRAVEL_LF' [mm], 'BUMPSTOPUP_RIDE_LF' [..] &gt; 0, range_change(&quot;Outings:Laps&quot;))

)" SampleRate="0" Unit="mm"/>
  <MathExpression Id="L-R Roll" DisplayUnit="mm" DisplayDPS="1" DisplayColorIndex="0" Interpolate="0" Script="(('SUS_TRAVEL_LF' [mm] + 'SUS_TRAVEL_LR' [mm]) / 2)

-

(('SUS_TRAVEL_RF' [mm] + 'SUS_TRAVEL_RR' [mm]) / 2)" SampleRate="0" Unit="mm"/>
  <MathExpression Id="Susp Bump Travel RF" DisplayUnit="mm" DisplayDPS="1" DisplayColorIndex="6" Interpolate="1" Script="choose('BUMPSTOPUP_RIDE_RF' [..] &gt; 0, 'SUS_TRAVEL_RF' [mm], stat_min('SUS_TRAVEL_RF' [mm], 'BUMPSTOPUP_RIDE_RF' [..] &gt; 0, range_change(&quot;Outings:Laps&quot;)))" SampleRate="0" Unit="mm"/>
  <MathExpression Id="Susp Bump Travel LR" DisplayUnit="mm" DisplayDPS="1" DisplayColorIndex="6" Interpolate="1" Script="choose('BUMPSTOPUP_RIDE_LR' [..] &gt; 0, 'SUS_TRAVEL_LR' [mm], stat_min('SUS_TRAVEL_LR' [mm], 'BUMPSTOPUP_RIDE_LR' [..] &gt; 0, range_change(&quot;Outings:Laps&quot;)))" SampleRate="0" Unit="mm"/>
  <MathExpression Id="Susp Bump Travel RR" DisplayUnit="mm" DisplayDPS="1" DisplayColorIndex="6" Interpolate="1" Script="choose('BUMPSTOPUP_RIDE_RR' [..] &gt; 0, 'SUS_TRAVEL_RR' [mm], stat_min('SUS_TRAVEL_RR' [mm], 'BUMPSTOPUP_RIDE_RR' [..] &gt; 0, range_change(&quot;Outings:Laps&quot;)))" SampleRate="0" Unit="mm"/>
  <MathExpression Id="Total Roll Angle" DisplayUnit="deg" DisplayDPS="2" DisplayColorIndex="2" Interpolate="1" Script="atan(
(
(  ('SUS_TRAVEL_LF' [mm] - 'SUS_TRAVEL_RF' [mm]) + ('SUS_TRAVEL_LR' [mm] - 'SUS_TRAVEL_RR' [mm])  )
/
('Front Track' [mm] + 'Rear Track' [mm])
)
) * 'Radian To Deg' [deg]" SampleRate="0" Unit="deg"/>
  <MathExpression Id="Total Pitch Angle" DisplayUnit="deg" DisplayDPS="2" DisplayColorIndex="13" Interpolate="1" Script="atan(

(
(  ('SUS_TRAVEL_LF' [mm] - 'SUS_TRAVEL_LR' [mm]) + ('SUS_TRAVEL_RF' [mm] - 'SUS_TRAVEL_RR' [mm])  )
/
 ( 'Vehicle Wheelbase' [mm] * 2 )
)

)

* 57.3" SampleRate="0" Unit="deg"/>
  <MathExpression Id="Damper FL filtered" DisplayUnit="mm/s" DisplayDPS="1" DisplayColorIndex="12" Interpolate="1" Script="filter_lp('SUS_TRAVEL_LF' [mm], 2)" SampleRate="0" Unit="mm/s"/>
  <MathExpression Id="Total Roll Angle ABS" DisplayUnit="deg" DisplayDPS="5" DisplayColorIndex="2" Interpolate="1" Script="abs('Total Roll Angle' [deg])" SampleRate="0" Unit="deg"/>
  <MathExpression Id="Front Roll Angle" DisplayUnit="deg" DisplayDPS="2" DisplayColorIndex="4" Interpolate="1" Script="atan(
( 'SUS_TRAVEL_LF' [mm] - 'SUS_TRAVEL_RF' [mm] )
/
'Front Track' [mm]
)* (180/'PI' [])
" SampleRate="0" Unit="deg"/>
  <MathExpression Id="Rear Roll Angle" DisplayUnit="deg" DisplayDPS="2" DisplayColorIndex="0" Interpolate="1" Script="atan(
( 'SUS_TRAVEL_LR' [mm] - 'SUS_TRAVEL_RR' [mm] )
/
'Rear Track' [mm]
)* (180/'PI' [])
" SampleRate="0" Unit="deg"/>
  <MathRegression Name="Roll Angle Gradient" X="G Lateral Reverse" Y="Total Roll Angle" Type="0" Order="2" Range="1" RangeGroupName="Outings:Laps" ZeroIntercept="0">
   <Outputs>
    <Output Enabled="0" Degree="0" Suffix="B"/>
    <Output Enabled="1" Degree="1" Suffix="A"/>
    <Output Enabled="0" Degree="-1" Suffix="R2"/>
   </Outputs>
  </MathRegression>
  <MathRegression Name="Total Roll Gradient [mm/G]" X="G Lateral Reverse" Y="L-R Roll" Type="0" Order="2" Range="1" RangeGroupName="Outings:Laps" ZeroIntercept="0">
   <Outputs>
    <Output Enabled="0" Degree="0" Suffix="B"/>
    <Output Enabled="1" Degree="1" Suffix="A"/>
    <Output Enabled="0" Degree="-1" Suffix="R2"/>
   </Outputs>
  </MathRegression>
  <MathExpression Id="Front Roll" DisplayUnit="mm" DisplayDPS="1" DisplayColorIndex="4" Interpolate="1" Script="'SUS_TRAVEL_LF' [mm] - 'SUS_TRAVEL_RF' [mm]" SampleRate="0" Unit="mm"/>
  <MathExpression Id="Rear Roll" DisplayUnit="mm" DisplayDPS="1" DisplayColorIndex="0" Interpolate="1" Script="'SUS_TRAVEL_LR' [mm] - 'SUS_TRAVEL_RR' [mm]" SampleRate="0" Unit="mm"/>
  <MathExpression Id="Front-Rear Pitch" DisplayUnit="mm" DisplayDPS="1" DisplayColorIndex="13" Interpolate="1" Script="'Front Susp Height' [mm]

-

'Rear Susp Height' [mm]" SampleRate="0" Unit="mm"/>
  <MathRegression Name="Front Roll Gradient [mm/G]" X="G Lateral Reverse" Y="Front Roll" Type="0" Order="2" Range="1" RangeGroupName="Outings:Laps" ZeroIntercept="0">
   <Outputs>
    <Output Enabled="0" Degree="0" Suffix="B"/>
    <Output Enabled="1" Degree="1" Suffix="A"/>
    <Output Enabled="0" Degree="-1" Suffix="R2"/>
   </Outputs>
  </MathRegression>
  <MathRegression Name="Rear Roll Gradient [mm/G]" X="G Lateral Reverse" Y="Rear Roll" Type="0" Order="2" Range="1" RangeGroupName="Outings:Laps" ZeroIntercept="0">
   <Outputs>
    <Output Enabled="0" Degree="0" Suffix="B"/>
    <Output Enabled="1" Degree="1" Suffix="A"/>
    <Output Enabled="0" Degree="-1" Suffix="R2"/>
   </Outputs>
  </MathRegression>
  <MathExpression Id="Roll Ratio" DisplayUnit="ratio" DisplayDPS="4" DisplayColorIndex="14" Interpolate="0" Script="'Rear Roll Gradient [mm/G].A'/'Front Roll Gradient [mm/G].A'" SampleRate="0" Unit="ratio"/>
  <MathExpression Id="FL Bumpstop Lap Time %" DisplayDPS="2" DisplayColorIndex="0" Interpolate="1" Script="integrate('BUMPSTOPUP_RIDE_LF' [..], 1, range_change(&quot;Outings:Laps&quot;))" SampleRate="0" Unit=""/>
  <MathExpression Id="FL Abs Damper" DisplayUnit="mm/s" DisplayDPS="1" DisplayColorIndex="0" Interpolate="1" Script="abs('Damper Vel FL' [mm/s])" SampleRate="0" Unit="mm/s"/>
  <MathExpression Id="FR Abs Damper" DisplayUnit="mm/s" DisplayDPS="1" DisplayColorIndex="4" Interpolate="1" Script="abs('Damper Vel FR' [mm/s])" SampleRate="0" Unit="mm/s"/>
  <MathExpression Id="RL Abs Damper" DisplayUnit="mm/s" DisplayDPS="1" DisplayColorIndex="6" Interpolate="1" Script="abs('Damper Vel RL' [mm/s])" SampleRate="0" Unit="mm/s"/>
  <MathExpression Id="RR Abs Damper" DisplayUnit="mm/s" DisplayDPS="1" DisplayColorIndex="3" Interpolate="1" Script="abs('Damper Vel RR' [mm/s])" SampleRate="0" Unit="mm/s"/>
  <MathExpression Id="Pitch Speed" DisplayUnit="mm/s" DisplayDPS="2" DisplayColorIndex="0" Interpolate="1" Script="derivative('Front-Rear Pitch' [mm])" SampleRate="0" Unit="mm/s"/>
  <MathExpression Id="pitch acceleration" DisplayUnit="mm/s/s" DisplayDPS="2" DisplayColorIndex="1" Interpolate="1" Script="derivative('Pitch Speed' [m/s])" SampleRate="0" Unit="mm/s/s"/>
  <MathExpression Id="Dive Speed" DisplayUnit="mm/s" DisplayDPS="2" DisplayColorIndex="2" Interpolate="1" Script="choose('Pitch Speed' [mm/s] &gt; 0,'Pitch Speed' [mm/s], invalid())" SampleRate="0" Unit="mm/s"/>
  <MathExpression Id="Squat Speed" DisplayUnit="mm/s" DisplayDPS="2" DisplayColorIndex="3" Interpolate="1" Script="choose('Pitch Speed' [mm/s] &lt; 0,'Pitch Speed' [mm/s], invalid())" SampleRate="0" Unit="mm/s"/>
  <MathExpression Id="Roll Speed" DisplayUnit="mm/s" DisplayDPS="2" DisplayColorIndex="4" Interpolate="1" Script="abs(derivative('L-R Roll' [mm]))" SampleRate="0" Unit="mm/s"/>
  <MathExpression Id="Roll Speed Front" DisplayUnit="mm/s" DisplayDPS="2" DisplayColorIndex="5" Interpolate="1" Script="abs(derivative('Front Roll' [mm]))" SampleRate="0" Unit="mm/s"/>
  <MathExpression Id="Roll Speed Rear" DisplayUnit="mm/s" DisplayDPS="2" DisplayColorIndex="6" Interpolate="1" Script="abs(derivative('Rear Roll' [mm]))" SampleRate="0" Unit="mm/s"/>
  <MathExpression Id="FL Damper Slow Bump Per" DisplayDPS="0" DisplayColorIndex="5" Interpolate="0" Script="choose('Damper Vel FL' [mm/s] &gt;= 0 AND 'Damper Vel FL' [mm/s] &lt;= 25, 1, 0) * 100" SampleRate="0" Unit=""/>
  <MathExpression Id="FL Damper Slow Rebound Per" DisplayDPS="0" DisplayColorIndex="5" Interpolate="0" Script="choose('Damper Vel FL' [mm/s] &lt;= 0 AND 'Damper Vel FL' [mm/s] &gt;= -25, 1, 0) * 100" SampleRate="0" Unit=""/>
  <MathExpression Id="FL Damper Fast Bump Per" DisplayDPS="0" DisplayColorIndex="5" Interpolate="0" Script="choose('Damper Vel FL' [mm/s] &gt; 25, 1, 0) * 100" SampleRate="0" Unit=""/>
  <MathExpression Id="FL Damper Fast Rebound Per" DisplayDPS="0" DisplayColorIndex="5" Interpolate="0" Script="choose('Damper Vel FL' [mm/s] &lt; -25, 1, 0) * 100" SampleRate="0" Unit=""/>
  <MathExpression Id="FR Damper Slow Bump Per" DisplayDPS="0" DisplayColorIndex="5" Interpolate="0" Script="choose('Damper Vel FR' [mm/s] &gt;= 0 AND 'Damper Vel FR' [mm/s] &lt;= 25, 1, 0) * 100" SampleRate="0" Unit=""/>
  <MathExpression Id="FR Damper Slow Rebound Per" DisplayDPS="0" DisplayColorIndex="5" Interpolate="0" Script="choose('Damper Vel FR' [mm/s] &lt;= 0 AND 'Damper Vel FR' [mm/s] &gt;= -25, 1, 0) * 100" SampleRate="0" Unit=""/>
  <MathExpression Id="FR Damper Fast Bump Per" DisplayDPS="0" DisplayColorIndex="5" Interpolate="0" Script="choose('Damper Vel FR' [mm/s] &gt; 25, 1, 0) * 100" SampleRate="0" Unit=""/>
  <MathExpression Id="FR Damper Fast Rebound Per" DisplayDPS="0" DisplayColorIndex="5" Interpolate="0" Script="choose('Damper Vel FR' [mm/s] &lt; -25, 1, 0) * 100" SampleRate="0" Unit=""/>
  <MathExpression Id="RL Damper Slow Bump Per" DisplayDPS="0" DisplayColorIndex="5" Interpolate="0" Script="choose('Damper Vel RL' [mm/s] &gt;= 0 AND 'Damper Vel RL' [mm/s] &lt;= 25, 1, 0) * 100" SampleRate="0" Unit=""/>
  <MathExpression Id="RL Damper Slow Rebound Per" DisplayDPS="0" DisplayColorIndex="5" Interpolate="0" Script="choose('Damper Vel RL' [mm/s] &lt;= 0 AND 'Damper Vel RL' [mm/s] &gt;= -25, 1, 0) * 100" SampleRate="0" Unit=""/>
  <MathExpression Id="RL Damper Fast Bump Per" DisplayDPS="0" DisplayColorIndex="5" Interpolate="0" Script="choose('Damper Vel RL' [mm/s] &gt; 25, 1, 0) * 100" SampleRate="0" Unit=""/>
  <MathExpression Id="RL Damper Fast Rebound Per" DisplayDPS="0" DisplayColorIndex="5" Interpolate="0" Script="choose('Damper Vel RL' [mm/s] &lt; -25, 1, 0) * 100" SampleRate="0" Unit=""/>
  <MathExpression Id="RR Damper Slow Bump Per" DisplayDPS="0" DisplayColorIndex="5" Interpolate="0" Script="choose('Damper Vel RR' [mm/s] &gt;= 0 AND 'Damper Vel RR' [mm/s] &lt;= 25, 1, 0) * 100" SampleRate="0" Unit=""/>
  <MathExpression Id="RR Damper Slow Rebound Per" DisplayDPS="0" DisplayColorIndex="5" Interpolate="0" Script="choose('Damper Vel RR' [mm/s] &lt;= 0 AND 'Damper Vel RR' [mm/s] &gt;= -25, 1, 0) * 100" SampleRate="0" Unit=""/>
  <MathExpression Id="RR Damper Fast Bump Per" DisplayDPS="0" DisplayColorIndex="5" Interpolate="0" Script="choose('Damper Vel RR' [mm/s] &gt; 25, 1, 0) * 100" SampleRate="0" Unit=""/>
  <MathExpression Id="RR Damper Fast Rebound Per" DisplayDPS="0" DisplayColorIndex="5" Interpolate="0" Script="choose('Damper Vel RR' [mm/s] &lt; -25, 1, 0) * 100" SampleRate="0" Unit=""/>
  <MathExpression Id="Avg Total Abs Damper" DisplayUnit="mm/s" DisplayDPS="2" DisplayColorIndex="0" Interpolate="1" Script="choose('Corr Speed' [km/h] &lt; 10, invalid(),

('FL Abs Damper' [mm/s] + 'FR Abs Damper' [mm/s] + 'RL Abs Damper' [mm/s] + 'RR Abs Damper' [mm/s])/4

)" SampleRate="0" Unit="mm/s"/>
  <MathExpression Id="Hi Speed Bumpiness Per" DisplayUnit="%" DisplayDPS="2" DisplayColorIndex="2" Interpolate="1" Script="choose('Avg Total Abs Damper' [mm/s] &gt; 25, 1, 0) * 100" SampleRate="0" Unit="%"/>
  <MathExpression Id="Lo Speed Bumpiness Per" DisplayUnit="%" DisplayDPS="2" DisplayColorIndex="2" Interpolate="1" Script="choose('Avg Total Abs Damper' [mm/s] &lt; 25, 1, 0) * 100" SampleRate="0" Unit="%"/>
  <MathExpression Id="FL Damper Zero Bin" DisplayUnit="%" DisplayDPS="2" DisplayColorIndex="0" Interpolate="0" Script="choose('Damper Vel FL' [mm/s] &gt;= -5 AND 'Damper Vel FL' [mm/s] &lt;= 5,
100,
0
)" SampleRate="0" Unit="%"/>
  <MathExpression Id="FR Damper Zero Bin" DisplayUnit="%" DisplayDPS="2" DisplayColorIndex="0" Interpolate="0" Script="choose('Damper Vel FR' [mm/s] &gt;= -5 AND 'Damper Vel FR' [mm/s] &lt;= 5,
100,
0
)" SampleRate="0" Unit="%"/>
  <MathExpression Id="RL Damper Zero Bin" DisplayUnit="%" DisplayDPS="2" DisplayColorIndex="0" Interpolate="0" Script="choose('Damper Vel RL' [mm/s] &gt;= -5 AND 'Damper Vel RL' [mm/s] &lt;= 5,
100,
0
)" SampleRate="0" Unit="%"/>
  <MathExpression Id="RR Damper Zero Bin" DisplayUnit="%" DisplayDPS="2" DisplayColorIndex="0" Interpolate="0" Script="choose('Damper Vel RR' [mm/s] &gt;= -5 AND 'Damper Vel RR' [mm/s] &lt;= 5,
100,
0
)" SampleRate="0" Unit="%"/>
  <MathExpression Id="FL Damper Bump" DisplayUnit="mm/s" DisplayDPS="2" DisplayColorIndex="1" Interpolate="1" Script="choose('Damper Vel FL' [mm/s] &gt; 0, 'Damper Vel FL' [mm/s], invalid())" SampleRate="0" Unit="mm/s"/>
  <MathExpression Id="FL Damper Rebound" DisplayUnit="mm/s" DisplayDPS="2" DisplayColorIndex="1" Interpolate="1" Script="choose('Damper Vel FL' [mm/s] &lt; 0, 'Damper Vel FL' [mm/s], invalid())" SampleRate="0" Unit="mm/s"/>
  <MathExpression Id="FR Damper Bump" DisplayUnit="mm/s" DisplayDPS="2" DisplayColorIndex="1" Interpolate="1" Script="choose('Damper Vel FR' [mm/s] &gt; 0, 'Damper Vel FR' [mm/s], invalid())" SampleRate="0" Unit="mm/s"/>
  <MathExpression Id="FR Damper Rebound" DisplayUnit="mm/s" DisplayDPS="2" DisplayColorIndex="1" Interpolate="1" Script="choose('Damper Vel FR' [mm/s] &lt; 0, 'Damper Vel FR' [mm/s], invalid())" SampleRate="0" Unit="mm/s"/>
  <MathExpression Id="RL Damper Bump" DisplayUnit="mm/s" DisplayDPS="2" DisplayColorIndex="1" Interpolate="1" Script="choose('Damper Vel RL' [mm/s] &gt; 0, 'Damper Vel RL' [mm/s], invalid())" SampleRate="0" Unit="mm/s"/>
  <MathExpression Id="RL Damper Rebound" DisplayUnit="mm/s" DisplayDPS="2" DisplayColorIndex="1" Interpolate="1" Script="choose('Damper Vel RL' [mm/s] &lt; 0, 'Damper Vel RL' [mm/s], invalid())" SampleRate="0" Unit="mm/s"/>
  <MathExpression Id="RR Damper Bump" DisplayUnit="mm/s" DisplayDPS="2" DisplayColorIndex="1" Interpolate="1" Script="choose('Damper Vel RR' [mm/s] &gt; 0, 'Damper Vel RR' [mm/s], invalid())" SampleRate="0" Unit="mm/s"/>
  <MathExpression Id="RR Damper Rebound" DisplayUnit="mm/s" DisplayDPS="2" DisplayColorIndex="1" Interpolate="1" Script="choose('Damper Vel RR' [mm/s] &lt; 0, 'Damper Vel RR' [mm/s], invalid())" SampleRate="0" Unit="mm/s"/>
  <MathExpression Id="Front Bump Stops Per" DisplayUnit="%" DisplayDPS="2" DisplayColorIndex="0" Interpolate="0" Script="choose('BUMPSTOPUP_RIDE_LF' [..] &gt; 0 OR 'BUMPSTOPUP_RIDE_RF' [..] &gt; 0, 100, 0)" SampleRate="0" Unit="%"/>
  <MathExpression Id="Rear Bump Stops Per" DisplayUnit="%" DisplayDPS="2" DisplayColorIndex="0" Interpolate="0" Script="choose('BUMPSTOPUP_RIDE_LR' [..] &gt; 0 OR 'BUMPSTOPUP_RIDE_RR' [..] &gt; 0, 100, 0)" SampleRate="0" Unit="%"/>
  <MathExpression Id="Bump Stops Disengaged" DisplayUnit="%" DisplayDPS="2" DisplayColorIndex="0" Interpolate="0" Script="choose('BUMPSTOPUP_RIDE_LF' [..] == 0 AND 'BUMPSTOPUP_RIDE_LR' [..] == 0 AND 'BUMPSTOPUP_RIDE_RF' [..] == 0 AND 'BUMPSTOPUP_RIDE_RR' [..] == 0, 1, 0) * 100" SampleRate="0" Unit="%"/>
  <MathExpression Id="Front Bump Stops Disengaged" DisplayUnit="%" DisplayDPS="2" DisplayColorIndex="0" Interpolate="0" Script="choose('BUMPSTOPUP_RIDE_LF' [..] == 0 AND 'BUMPSTOPUP_RIDE_RF' [..] == 0, 1, 0) * 100" SampleRate="0" Unit="%"/>
  <MathExpression Id="Rear Bump Stops Disengaged" DisplayUnit="%" DisplayDPS="2" DisplayColorIndex="0" Interpolate="0" Script="choose('BUMPSTOPUP_RIDE_LR' [..] == 0 AND 'BUMPSTOPUP_RIDE_RR' [..] == 0, 1, 0) * 100" SampleRate="0" Unit="%"/>
  <MathExpression Id="Rear Front Susp Height Ratio" DisplayUnit="ratio" DisplayDPS="4" DisplayColorIndex="1" Interpolate="1" Script="'Rear Susp Height' [mm] / 'Front Susp Height' [mm]" SampleRate="0" Unit="ratio"/>
  <MathExpression Id="FL Damper Accel Test" DisplayUnit="m/s/s" DisplayDPS="2" DisplayColorIndex="4" Interpolate="1" Script="derivative('Damper Vel FL' [mm/s])" SampleRate="0" Unit="mm/s/s"/>
  <MathExpression Id="FL Damper Bumpstop" DisplayUnit="mm/s" DisplayDPS="1" DisplayColorIndex="2" Interpolate="1" Script="choose('BUMPSTOPUP_RIDE_LF' [..] &gt; 0, 'Damper Vel FL' [mm/s], invalid())" SampleRate="0" Unit="mm/s"/>
  <MathExpression Id="Susp FL Smooth" DisplayUnit="mm" DisplayDPS="1" DisplayColorIndex="4" Interpolate="1" Script="filter_lp('SUS_TRAVEL_LF' [mm], 0.1)" SampleRate="0" Unit="mm"/>
  <MathExpression Id="Susp FR Smooth" DisplayUnit="mm" DisplayDPS="1" DisplayColorIndex="0" Interpolate="1" Script="filter_lp('SUS_TRAVEL_RF' [mm], 0.1)" SampleRate="0" Unit="mm"/>
  <MathExpression Id="Susp RL Smooth" DisplayUnit="mm" DisplayDPS="1" DisplayColorIndex="3" Interpolate="1" Script="filter_lp('SUS_TRAVEL_LR' [mm], 0.1)" SampleRate="0" Unit="mm"/>
  <MathExpression Id="Susp RR Smooth" DisplayUnit="mm" DisplayDPS="1" DisplayColorIndex="13" Interpolate="1" Script="filter_lp('SUS_TRAVEL_RR' [mm], 0.1)" SampleRate="0" Unit="mm"/>
  <MathExpression Id="Damper FL Smooth" DisplayUnit="mm/s" DisplayDPS="2" DisplayColorIndex="4" Interpolate="1" Script="derivative('Susp FL Smooth' [mm])" SampleRate="0" Unit="mm/s"/>
  <MathExpression Id="Damper FR Smooth" DisplayUnit="mm/s" DisplayDPS="2" DisplayColorIndex="0" Interpolate="1" Script="derivative('Susp FR Smooth' [mm])" SampleRate="0" Unit="mm/s"/>
  <MathExpression Id="Damper RL Smooth" DisplayUnit="mm/s" DisplayDPS="2" DisplayColorIndex="3" Interpolate="1" Script="derivative('Susp RL Smooth' [mm])" SampleRate="0" Unit="mm/s"/>
  <MathExpression Id="Damper RR Smooth" DisplayUnit="mm/s" DisplayDPS="2" DisplayColorIndex="13" Interpolate="1" Script="derivative('Susp RR Smooth' [mm])" SampleRate="0" Unit="mm/s"/>
  <MathExpression Id="Bumpstop Active LF" DisplayDPS="0" DisplayColorIndex="4" Interpolate="0" Script="'BUMPSTOPUP_RIDE_LF' [..] - 'BUMPSTOPDN_RIDE_LF' [..]" SampleRate="0" Unit=""/>
  <MathExpression Id="Force Derivative FL" DisplayDPS="2" DisplayColorIndex="4" Interpolate="1" Script="derivative('BUMPSTOP_FORCE_LF' [..])" SampleRate="0" Unit=""/>
  <MathExpression Id="bump force plus damp FL" DisplayDPS="0" DisplayColorIndex="4" Interpolate="1" Script="'BUMPSTOP_FORCE_LF' [..] + 'BUMPSTOP_DAMP_LF' [..]" SampleRate="0" Unit=""/>
 </MathItems>
</Maths>
