<?xml version="1.0"?>
<Maths Locale="English_United Kingdom.1252" DefaultLocale="C" Id="User">
 <MathConstants>
  <MathConstant Name="Vehicle Wheelbase ACC" Value="2.645" Unit="m"/>
 </MathConstants>
 <MathItems>
  <MathExpression Id="glat" DisplayUnit="G" DisplayDPS="2" DisplayColorIndex="0" Interpolate="1" Script="'G_LAT' [m/s2]" SampleRate="0" Unit="G"/>
  <MathExpression Id="glong" DisplayUnit="G" DisplayDPS="2" DisplayColorIndex="1" Interpolate="1" Script="'G_LON' [m/s2]" SampleRate="0" Unit="G"/>
  <MathExpression Id="Oversteer" DisplayUnit="deg" DisplayDPS="2" DisplayColorIndex="7" Interpolate="1" Script="smooth(choose('Corr Speed'[km/h] &lt; 50, 0, sgn('glat' [m/s/s]) * (('Vehicle Wheelbase'[m] * 'glat' [m/s/s] / sqr('Corr Speed'[m/s])) - sgn(stat_mean('Steered Angle'[rad] * 'glat' [m/s/s])) * 'Steered Angle'[rad])), 0.2)" SampleRate="0" Unit="rad"/>
  <MathExpression Id="steered angle" DisplayUnit="rad" DisplayDPS="2" DisplayColorIndex="2" Interpolate="1" Script="'STEERANGLE' [deg]/11" SampleRate="0" Unit="deg"/>
 </MathItems>
</Maths>
