<?xml version="1.0"?>
<Maths Locale="English_United Kingdom.1252" DefaultLocale="C" Id="Aero">
 <MathConstants>
  <MathConstant Name="PI" Value="3.14159265" Unit=""/>
 </MathConstants>
 <MathItems>
  <MathExpression Id="Sus load front" DisplayUnit="N" DisplayDPS="2" DisplayColorIndex="2" Interpolate="1" Script="'Sus load LF' [N] + 'Sus load RF' [N]" SampleRate="0" Unit="N"/>
  <MathExpression Id="Sus load rear" DisplayUnit="N" DisplayDPS="2" DisplayColorIndex="0" Interpolate="1" Script="'Sus load LR' [N] + 'Sus load RR' [N]" SampleRate="0" Unit="N"/>
  <MathExpression Id="Sus load" DisplayUnit="N" DisplayDPS="2" DisplayColorIndex="1" Interpolate="1" Script="'Sus load front' [N] + 'Sus load rear' [N]" SampleRate="0" Unit="N"/>
  <MathExpression Id="Aero Balance" DisplayUnit="N" DisplayDPS="2" DisplayColorIndex="1" Interpolate="1" Script="'Sus load front' [N]-'Sus load rear' [N]" SampleRate="0" Unit="N"/>
  <MathExpression Id="Aero Gate" DisplayDPS="2" DisplayColorIndex="0" Interpolate="1" Script="('SPEED' [km/h]  &gt; 100)  AND ('isWOT'  == 1)" SampleRate="0" Unit=""/>
  <MathExpression Id="Sus load LF" DisplayDPS="2" DisplayColorIndex="0" Interpolate="1" Script="'SUS_TRAVEL_LF' [mm] * 'Wheelrate FL' [N/mm]" SampleRate="0" Unit=""/>
  <MathExpression Id="Sus load RF" DisplayDPS="2" DisplayColorIndex="0" Interpolate="1" Script="'SUS_TRAVEL_RF' [mm] * 'Wheelrate FR' [N/mm]" SampleRate="0" Unit=""/>
  <MathExpression Id="Sus load LR" DisplayDPS="2" DisplayColorIndex="0" Interpolate="1" Script="'SUS_TRAVEL_LR' [mm] * 'Wheelrate RL' [N/mm]" SampleRate="0" Unit=""/>
  <MathExpression Id="Sus load RR" DisplayDPS="2" DisplayColorIndex="0" Interpolate="1" Script="'SUS_TRAVEL_RR' [mm] * 'Wheelrate RR' [N/mm]" SampleRate="0" Unit=""/>
  <MathExpression Id="Lon load distr" DisplayUnit="N" DisplayDPS="2" DisplayColorIndex="1" Interpolate="1" Script="('Sus load front' [N]-'Sus load rear' [N]) /100" SampleRate="0" Unit="N"/>
  <MathExpression Id="Rake angle" DisplayUnit="deg" DisplayDPS="2" DisplayColorIndex="5" Interpolate="1" Script="atan('Rake' / 'Vehicle Wheelbase' [mm]) * (180/'PI' [])" SampleRate="0" Unit="deg"/>
  <MathExpression Id="Rake angle smooth" DisplayUnit="deg" DisplayDPS="2" DisplayColorIndex="6" Interpolate="1" Script="smooth('Rake angle' [deg], 0.5)" SampleRate="0" Unit="deg"/>
  <MathExpression Id="Front Ride Height" DisplayUnit="mm" DisplayDPS="1" DisplayColorIndex="8" Interpolate="1" Script="('Ride Height LF' [mm] + 'Ride Height RF' [mm]) / 2" SampleRate="0" Unit="mm"/>
  <MathExpression Id="Rear Ride Height" DisplayUnit="mm" DisplayDPS="1" DisplayColorIndex="8" Interpolate="1" Script="('Ride Height LR' [mm] + 'Ride Height RR' [mm]) / 2" SampleRate="0" Unit="mm"/>
  <MathExpression Id="Rake" DisplayUnit="mm" DisplayDPS="2" DisplayColorIndex="5" Interpolate="1" Script="('Ride Height LR' [mm]+'Ride Height RR' [mm]-'Ride Height LF' [mm]-'Ride Height RF' [mm]) / 2
" SampleRate="0" Unit="mm"/>
  <MathExpression Id="RHD LF" DisplayUnit="mm" DisplayDPS="2" DisplayColorIndex="0" Interpolate="1" Script="('RH Setup Front' [mm] - 'SUS_TRAVEL_LF' [mm] + 'Static Height FL' [mm])" SampleRate="0" Unit="mm"/>
  <MathExpression Id="Ride Height LF" DisplayUnit="mm" DisplayDPS="2" DisplayColorIndex="0" Interpolate="1" Script="'RHD LF' [mm] 
- 
choose('G Lateral Smooth' [G] &lt; -1,1,0)
-
choose('Sus load LF' [N] &gt; 3800,2.7,0)
+
choose('G Lateral Smooth' [G] &gt; 1,3,0)
-
choose('Sus load LF' [G] &gt; 'Static Load FL' [N]	,0.5,0)
-
choose('Sus load LF' [g] &gt; 3200,3,0)" SampleRate="0" Unit="mm"/>
  <MathExpression Id="RHD RF" DisplayUnit="mm" DisplayDPS="2" DisplayColorIndex="1" Interpolate="1" Script="('RH Setup Front' [mm] - 'SUS_TRAVEL_RF' [mm] + 'Static Height FR' [mm])" SampleRate="0" Unit="mm"/>
  <MathExpression Id="Ride Height RF" DisplayUnit="mm" DisplayDPS="2" DisplayColorIndex="1" Interpolate="1" Script="'RHD RF' [mm] 
+ 
choose('G Lateral Smooth' [G] &lt; -1,3,0)
-
choose('Sus load RF' [N] &gt; 3800,2.7,0)
-
choose('G Lateral Smooth' [G] &gt; 1,1,0)
-
choose('Sus load RF' [G] &gt; 'Static Load FR' [N]	,0.5,0)
-
choose('Sus load RF' [g] &gt; 3200,3,0)" SampleRate="0" Unit="mm"/>
  <MathExpression Id="RHD LR" DisplayUnit="mm" DisplayDPS="2" DisplayColorIndex="4" Interpolate="1" Script="('RH Setup Rear' [mm] - 'SUS_TRAVEL_LR' [mm] + 'Static Height RL' [mm])" SampleRate="0" Unit="mm"/>
  <MathExpression Id="Ride Height LR" DisplayUnit="mm" DisplayDPS="2" DisplayColorIndex="4" Interpolate="1" Script="'RHD LR' [mm] 
- 
choose('G Lateral Smooth' [G] &lt; -1,3,0)
+
choose('G Lateral Smooth' [G] &gt; 1,6,0)
-
choose('Sus load LR' [G] &gt; 'Static Load RL' [N]	,1.5,0)
-
choose('Sus load LR' [g] &gt; 2200,1.5,0)
-
choose('Sus load LR' [g] &gt; 4200,3.7,0)" SampleRate="0" Unit="mm"/>
  <MathExpression Id="RHD RR" DisplayUnit="mm" DisplayDPS="2" DisplayColorIndex="9" Interpolate="1" Script="('RH Setup Rear' [mm] - 'SUS_TRAVEL_RR' [mm] + 'Static Height RR' [mm])" SampleRate="0" Unit="mm"/>
  <MathExpression Id="Ride Height RR" DisplayUnit="mm" DisplayDPS="2" DisplayColorIndex="9" Interpolate="1" Script="'RHD RR' [mm] 
+ 
choose('G Lateral Smooth' [G] &lt; -1,3,0)
-
choose('G Lateral Smooth' [G] &gt; 1,6,0)
-
choose('Sus load RR' [G] &gt; 'Static Load RR' [N] ,1.5,0)
-
choose('Sus load RR' [g] &gt; 2200,1.5,0)
-
choose('Sus load RR' [g] &gt; 4200,3.7,0)" SampleRate="0" Unit="mm"/>
 </MathItems>
</Maths>
