<?xml version="1.0"?>
<Maths Locale="English_United Kingdom.1252" DefaultLocale="C" Id="Dampers">
 <MathConstants>
  <MathConstant Name="PI" Value="3.14159265" Unit=""/>
 </MathConstants>
 <MathItems>
  <MathExpression Id="FL Abs Damper" DisplayUnit="mm/s" DisplayDPS="1" DisplayColorIndex="0" Interpolate="1" Script="abs('Damper Vel FL' [mm/s])" SampleRate="0" Unit="mm/s"/>
  <MathExpression Id="FR Abs Damper" DisplayUnit="mm/s" DisplayDPS="1" DisplayColorIndex="4" Interpolate="1" Script="abs('Damper Vel FR' [mm/s])" SampleRate="0" Unit="mm/s"/>
  <MathExpression Id="RL Abs Damper" DisplayUnit="mm/s" DisplayDPS="1" DisplayColorIndex="6" Interpolate="1" Script="abs('Damper Vel RL' [mm/s])" SampleRate="0" Unit="mm/s"/>
  <MathExpression Id="RR Abs Damper" DisplayUnit="mm/s" DisplayDPS="1" DisplayColorIndex="3" Interpolate="1" Script="abs('Damper Vel RR' [mm/s])" SampleRate="0" Unit="mm/s"/>
  <MathExpression Id="FL Damper Slow Bump Per" DisplayDPS="0" DisplayColorIndex="5" Interpolate="0" Script="choose('Damper Vel FL' [mm/s] &gt;= 0 AND 'Damper Vel FL' [mm/s] &lt;= 25, 1, 0) * 100" SampleRate="0" Unit=""/>
  <MathExpression Id="FL Damper Slow Rebound Per" DisplayDPS="0" DisplayColorIndex="5" Interpolate="0" Script="choose('Damper Vel FL' [mm/s] &lt;= 0 AND 'Damper Vel FL' [mm/s] &gt;= -25, 1, 0) * 100" SampleRate="0" Unit=""/>
  <MathExpression Id="FL Damper Fast Bump Per" DisplayDPS="0" DisplayColorIndex="5" Interpolate="0" Script="choose('Damper Vel FL' [mm/s] &gt; 25, 1, 0) * 100" SampleRate="0" Unit=""/>
  <MathExpression Id="FL Damper Fast Rebound Per" DisplayDPS="0" DisplayColorIndex="5" Interpolate="0" Script="choose('Damper Vel FL' [mm/s] &lt; -25, 1, 0) * 100" SampleRate="0" Unit=""/>
  <MathExpression Id="FR Damper Slow Bump Per" DisplayDPS="0" DisplayColorIndex="5" Interpolate="0" Script="choose('Damper Vel FR' [mm/s] &gt;= 0 AND 'Damper Vel FR' [mm/s] &lt;= 25, 1, 0) * 100" SampleRate="0" Unit=""/>
  <MathExpression Id="FR Damper Slow Rebound Per" DisplayDPS="0" DisplayColorIndex="5" Interpolate="0" Script="choose('Damper Vel FR' [mm/s] &lt;= 0 AND 'Damper Vel FR' [mm/s] &gt;= -25, 1, 0) * 100" SampleRate="0" Unit=""/>
  <MathExpression Id="FR Damper Fast Bump Per" DisplayDPS="0" DisplayColorIndex="5" Interpolate="0" Script="choose('Damper Vel FR' [mm/s] &gt; 25, 1, 0) * 100" SampleRate="0" Unit=""/>
  <MathExpression Id="FR Damper Fast Rebound Per" DisplayDPS="0" DisplayColorIndex="5" Interpolate="0" Script="choose('Damper Vel FR' [mm/s] &lt; -25, 1, 0) * 100" SampleRate="0" Unit=""/>
  <MathExpression Id="RL Damper Slow Bump Per" DisplayDPS="0" DisplayColorIndex="5" Interpolate="0" Script="choose('Damper Vel RL' [mm/s] &gt;= 0 AND 'Damper Vel RL' [mm/s] &lt;= 25, 1, 0) * 100" SampleRate="0" Unit=""/>
  <MathExpression Id="RL Damper Slow Rebound Per" DisplayDPS="0" DisplayColorIndex="5" Interpolate="0" Script="choose('Damper Vel RL' [mm/s] &lt;= 0 AND 'Damper Vel RL' [mm/s] &gt;= -25, 1, 0) * 100" SampleRate="0" Unit=""/>
  <MathExpression Id="RL Damper Fast Bump Per" DisplayDPS="0" DisplayColorIndex="5" Interpolate="0" Script="choose('Damper Vel RL' [mm/s] &gt; 25, 1, 0) * 100" SampleRate="0" Unit=""/>
  <MathExpression Id="RL Damper Fast Rebound Per" DisplayDPS="0" DisplayColorIndex="5" Interpolate="0" Script="choose('Damper Vel RL' [mm/s] &lt; -25, 1, 0) * 100" SampleRate="0" Unit=""/>
  <MathExpression Id="RR Damper Slow Bump Per" DisplayDPS="0" DisplayColorIndex="5" Interpolate="0" Script="choose('Damper Vel RR' [mm/s] &gt;= 0 AND 'Damper Vel RR' [mm/s] &lt;= 25, 1, 0) * 100" SampleRate="0" Unit=""/>
  <MathExpression Id="RR Damper Slow Rebound Per" DisplayDPS="0" DisplayColorIndex="5" Interpolate="0" Script="choose('Damper Vel RR' [mm/s] &lt;= 0 AND 'Damper Vel RR' [mm/s] &gt;= -25, 1, 0) * 100" SampleRate="0" Unit=""/>
  <MathExpression Id="RR Damper Fast Bump Per" DisplayDPS="0" DisplayColorIndex="5" Interpolate="0" Script="choose('Damper Vel RR' [mm/s] &gt; 25, 1, 0) * 100" SampleRate="0" Unit=""/>
  <MathExpression Id="RR Damper Fast Rebound Per" DisplayDPS="0" DisplayColorIndex="5" Interpolate="0" Script="choose('Damper Vel RR' [mm/s] &lt; -25, 1, 0) * 100" SampleRate="0" Unit=""/>
  <MathExpression Id="Avg Total Damper." DisplayUnit="mm/s" DisplayDPS="2" DisplayColorIndex="1" Interpolate="1" Script="choose('Corr Speed' [km/h] &lt; 10, invalid(),

('FL Abs Damper' [mm/s] + 'FR Abs Damper' [mm/s] + 'RL Abs Damper' [mm/s] + 'RR Abs Damper' [mm/s])/4

)" SampleRate="0" Unit="mm/s"/>
  <MathExpression Id="Hi Speed Bumpiness Per" DisplayUnit="%" DisplayDPS="2" DisplayColorIndex="2" Interpolate="1" Script="choose('Avg Total Damper.' [mm/s] &gt; 50, 1, 0) * 100" SampleRate="0" Unit="%"/>
  <MathExpression Id="Lo Speed Bumpiness Per" DisplayUnit="%" DisplayDPS="2" DisplayColorIndex="2" Interpolate="1" Script="choose('Avg Total Damper.' [mm/s] &lt;= 50, 1, 0) * 100" SampleRate="0" Unit="%"/>
 </MathItems>
</Maths>
