<?xml version="1.0"?>
<Maths Locale="English_United Kingdom.1252" DefaultLocale="C" Id="Differential">
 <MathConstants>
  <MathConstant Name="PI" Value="3.14159265" Unit=""/>
 </MathConstants>
 <MathItems>
  <MathExpression Id="LF Front Wheel Slip" DisplayDPS="2" DisplayColorIndex="0" Interpolate="1" Script="100-(100*'WHEEL_SPEED_LF' [m/s]/'SPEED' [m/s])" SampleRate="0" Unit=""/>
  <MathExpression Id="RF Front Wheel Slip" DisplayDPS="2" DisplayColorIndex="1" Interpolate="1" Script="100-(100*'WHEEL_SPEED_RF' [m/s]/'SPEED' [m/s])" SampleRate="0" Unit=""/>
  <MathExpression Id="LR Rear Wheel Slip" DisplayDPS="2" DisplayColorIndex="2" Interpolate="1" Script="100-(100*'WHEEL_SPEED_LR' [m/s]/'SPEED' [m/s])" SampleRate="0" Unit=""/>
  <MathExpression Id="RR Rear Wheel Slip" DisplayDPS="2" DisplayColorIndex="3" Interpolate="1" Script="100-(100*'WHEEL_SPEED_RR' [m/s]/'SPEED' [m/s])" SampleRate="0" Unit=""/>
  <MathExpression Id="Wheel Speed FL" DisplayUnit="km/h" DisplayDPS="2" DisplayColorIndex="1" Interpolate="1" Script="'WHEEL_SPEED_LF' [km/h]" SampleRate="0" Unit="km/h"/>
  <MathExpression Id="Wheel Speed FR" DisplayUnit="km/h" DisplayDPS="2" DisplayColorIndex="1" Interpolate="1" Script="'WHEEL_SPEED_RF' [km/h]" SampleRate="0" Unit="km/h"/>
  <MathExpression Id="Wheel Speed RL" DisplayUnit="km/h" DisplayDPS="2" DisplayColorIndex="1" Interpolate="1" Script="'WHEEL_SPEED_LR' [km/h]" SampleRate="0" Unit="km/h"/>
  <MathExpression Id="Wheel Speed RR" DisplayUnit="km/h" DisplayDPS="2" DisplayColorIndex="1" Interpolate="1" Script="'WHEEL_SPEED_RR' [km/h]" SampleRate="0" Unit="km/h"/>
  <MathExpression Id="Rear Wheel Diff " DisplayUnit="m/s" DisplayDPS="2" DisplayColorIndex="0" Interpolate="1" Script="filter_lp('LR Rear Wheel Slip' [m/s]-'RR Rear Wheel Slip' [m/s], 2)" SampleRate="0" Unit="m/s"/>
  <MathExpression Id="LF Front Wheel Slip." DisplayDPS="2" DisplayColorIndex="0" Interpolate="1" Script="filter_lp(100-(100*'WHEEL_SPEED_LF' [m/s]/'SPEED' [m/s]),2)" SampleRate="0" Unit=""/>
  <MathExpression Id="RF Front Wheel Slip." DisplayDPS="2" DisplayColorIndex="7" Interpolate="1" Script="filter_lp(100-(100*'WHEEL_SPEED_RF' [m/s]/'SPEED' [m/s]),2)" SampleRate="0" Unit=""/>
  <MathExpression Id="LR Rear Wheel Slip." DisplayDPS="2" DisplayColorIndex="4" Interpolate="1" Script="filter_lp(100-(100*'WHEEL_SPEED_LR' [m/s]/'SPEED' [m/s]),2)" SampleRate="0" Unit=""/>
  <MathExpression Id="RR Rear Wheel Slip." DisplayDPS="2" DisplayColorIndex="2" Interpolate="1" Script="filter_lp(100-(100*'WHEEL_SPEED_RR' [m/s]/'SPEED' [m/s]),2)" SampleRate="0" Unit=""/>
 </MathItems>
</Maths>
