<?xml version="1.0"?>
<Maths Locale="English_United Kingdom.1252" DefaultLocale="C" Id="G Forces">
 <MathConstants>
  <MathConstant Name="PI" Value="3.14159265" Unit=""/>
 </MathConstants>
 <MathItems>
  <MathExpression Id="G Lateral" DisplayUnit="G" DisplayDPS="2" DisplayColorIndex="3" Interpolate="1" Script="'G_LAT' [m/s2]" SampleRate="0" Unit="G"/>
  <MathExpression Id="G Lateral Smooth" DisplayUnit="G" DisplayDPS="2" DisplayColorIndex="4" Interpolate="1" Script="smooth('G Lateral' [G], 3)" SampleRate="0" Unit="G"/>
  <MathExpression Id="G Long" DisplayUnit="G" DisplayDPS="2" DisplayColorIndex="1" Interpolate="1" Script="'G_LON' [m/s2]" SampleRate="0" Unit="G"/>
  <MathExpression Id="G Long Smooth" DisplayUnit="G" DisplayDPS="2" DisplayColorIndex="4" Interpolate="1" Script="smooth('G Long' [G], 3)" SampleRate="0" Unit="G"/>
  <MathExpression Id="G Long TC" DisplayUnit="G" DisplayDPS="2" DisplayColorIndex="0" Interpolate="1" Script="choose('TC' [..] &gt; 0, 'G Long' [G], invalid())" SampleRate="0" Unit="G"/>
  <MathExpression Id="G_Vector" DisplayUnit="G" DisplayDPS="2" DisplayColorIndex="0" Interpolate="1" Script="sqrt(('G_LAT' [m/s2]^2 + 'G_LON' [m/s2]^2))" SampleRate="0" Unit="G"/>
  <MathExpression Id="Oversteer" DisplayUnit="deg" DisplayDPS="2" DisplayColorIndex="7" Interpolate="1" Script="smooth(choose('Corr Speed'[km/h] &lt; 50, 0, sgn('glat' [m/s/s]) * (('Vehicle Wheelbase'[m] * 'glat' [m/s/s] / sqr('Corr Speed'[m/s])) - sgn(stat_mean('Steered Angle'[rad] * 'glat' [m/s/s])) * 'Steered Angle'[rad])), 0.2)" SampleRate="0" Unit="rad"/>
  <MathExpression Id="G Lateral Reverse" DisplayUnit="G" DisplayDPS="2" DisplayColorIndex="7" Interpolate="1" Script="-'G_LAT' [m/s2]" SampleRate="0" Unit="G"/>
 </MathItems>
</Maths>
