<?xml version="1.0"?>
<Maths Locale="English_United Kingdom.1252" DefaultLocale="C" Id="General">
 <MathConstants>
  <MathConstant Name="PI" Value="3.14159265" Unit=""/>
  <MathConstant Name="Radian To Deg" Value="57.2957795131" Unit="deg"/>
 </MathConstants>
 <MathItems>
  <MathExpression Id="TC in %" DisplayDPS="2" DisplayColorIndex="3" Interpolate="1" Script="'TC' [..] *100" SampleRate="0" Unit=""/>
  <MathExpression Id="ABS in %" DisplayDPS="2" DisplayColorIndex="4" Interpolate="1" Script="'ABS' [..] *100
" SampleRate="0" Unit=""/>
  <MathExpression Id="Steerangle." DisplayUnit="deg" DisplayDPS="0" DisplayColorIndex="6" Interpolate="1" Script="abs('STEERANGLE' [deg])" SampleRate="0" Unit="deg"/>
  <MathExpression Id="Grip" DisplayDPS="2" DisplayColorIndex="2" Interpolate="1" Script="('G_LAT' [m/s2]*'G_LAT' [m/s2])+('G_LON' [m/s2]+'G_LON' [m/s2])" SampleRate="0" Unit=""/>
  <MathExpression Id="Brake Temp Balance" DisplayUnit="%" DisplayDPS="2" DisplayColorIndex="6" Interpolate="1" Script="(
('Brake Temp FL' [C] + 'Brake Temp FR' [C])
/
('Brake Temp FL' [C] + 'Brake Temp FR' [C] + 'Brake Temp RL' [C] +'Brake Temp RR' [C])
)
* 100" SampleRate="0" Unit="%"/>
  <MathExpression Id="Ackermann Angle" DisplayUnit="deg" DisplayDPS="2" DisplayColorIndex="3" Interpolate="1" Script="choose('corr speed' [km/h] &gt; 30,
'G Lateral' [m/s/s]
/
sqr('Speed' [m/s])
*
'Vehicle Wheelbase' [m]
*
'Radian To Deg' [deg]
, invalid())" SampleRate="20" Unit="deg"/>
  <MathExpression Comment="higher degrees = more understeer" Id="Understeer Angle" DisplayUnit="deg" DisplayDPS="4" DisplayColorIndex="7" Interpolate="1" Script="choose('corr speed' [km/h] &lt; 30, invalid(), abs('Steered angle' [deg]) - abs('Ackermann Angle' [deg]))
" SampleRate="0" Unit="deg"/>
  <MathExpression Id="Average Lap Time" DisplayUnit="s" DisplayDPS="3" DisplayColorIndex="0" Interpolate="1" Script="stat_mean(stat_max('Calc Lap Time' [s], 1, range_change(&quot;Outings:Laps&quot;)))" SampleRate="0" Unit="s"/>
  <MathExpression Id="Throttle TC" DisplayUnit="%" DisplayDPS="2" DisplayColorIndex="1" Interpolate="1" Script="choose('TC' [..] &gt; 0, 'THROTTLE' [%], invalid())" SampleRate="0" Unit="%"/>
  <MathExpression Id="TC Per" DisplayUnit="%" DisplayDPS="2" DisplayColorIndex="0" Interpolate="0" Script="'TC' [..] * 100" SampleRate="0" Unit="%"/>
  <MathExpression Id="ABS Per" DisplayUnit="%" DisplayDPS="2" DisplayColorIndex="1" Interpolate="0" Script="'ABS' [..] * 100" SampleRate="0" Unit="%"/>
  <MathExpression Id="Brake ABS" DisplayUnit="%" DisplayDPS="2" DisplayColorIndex="1" Interpolate="1" Script="choose('ABS' [..] &gt; 0, 'BRAKE' [%], invalid())" SampleRate="0" Unit="%"/>
  <MathExpression Id="Brake Temp FL" DisplayUnit="C" DisplayDPS="2" DisplayColorIndex="0" Interpolate="1" Script="'BRAKE_TEMP_LF' [C]" SampleRate="0" Unit="C"/>
  <MathExpression Id="Brake Temp FR" DisplayUnit="C" DisplayDPS="2" DisplayColorIndex="0" Interpolate="1" Script="'BRAKE_TEMP_RF' [C]" SampleRate="0" Unit="C"/>
  <MathExpression Id="Brake Temp RL" DisplayUnit="C" DisplayDPS="2" DisplayColorIndex="0" Interpolate="1" Script="'BRAKE_TEMP_LR' [C]" SampleRate="0" Unit="C"/>
  <MathExpression Id="Brake Temp RR" DisplayUnit="C" DisplayDPS="2" DisplayColorIndex="0" Interpolate="1" Script="'BRAKE_TEMP_RR' [C]" SampleRate="0" Unit="C"/>
  <MathExpression Id="Brake Distance" DisplayUnit="m" DisplayDPS="4" DisplayColorIndex="0" Interpolate="1" Script="integrate('SPEED' [m/s], 'BRAKE' [%] &gt; 0)" SampleRate="0" Unit="m"/>
  <MathExpression Id="Yaw Rate Smoothness" DisplayUnit="deg/s" DisplayDPS="2" DisplayColorIndex="0" Interpolate="1" Script="abs('ROTY' [deg/s] - 'Yaw Rate Smooth' [deg/s]) * 100" SampleRate="0" Unit="deg/s"/>
  <MathExpression Id="Yaw Rate Smooth" DisplayUnit="deg/s" DisplayDPS="2" DisplayColorIndex="2" Interpolate="1" Script="smooth('ROTY' [deg/s], 0.5)" SampleRate="0" Unit="deg/s"/>
  <MathExpression Id="ROTY abs" DisplayDPS="2" DisplayColorIndex="0" Interpolate="1" Script="abs('ROTY' [deg/s])" SampleRate="0" Unit=""/>
  <MathExpression Id="YawRate" DisplayUnit="deg/s" DisplayDPS="2" DisplayColorIndex="0" Interpolate="1" Script="choose('Corr Speed' [km/h] &gt; 30, 'G_LAT' [m/s2] / 'Corr Speed' [m/s], 0.0)" SampleRate="0" Unit="rad/s"/>
  <MathExpression Id="Steering Smoothness" DisplayUnit="deg" DisplayDPS="2" DisplayColorIndex="0" Interpolate="1" Script="abs('STEERANGLE' [deg] - smooth('STEERANGLE' [deg], 1.0)) * 100" SampleRate="0" Unit="deg"/>
  <MathExpression Id="Steered angle" DisplayUnit="deg" DisplayDPS="2" DisplayColorIndex="0" Interpolate="1" Script="(1/ 'Steering Ratio' [deg])

* 'STEERANGLE' [deg]" SampleRate="0" Unit="deg"/>
  <MathExpression Id="RPMs TC" DisplayUnit="rpm" DisplayDPS="2" DisplayColorIndex="1" Interpolate="1" Script="choose('TC' [..] &gt; 0, 'RPMS' [1/min], invalid())" SampleRate="0" Unit="rpm"/>
  <MathExpression Id="Attitude Velocity" DisplayUnit="deg/s" DisplayDPS="2" DisplayColorIndex="2" Interpolate="1" Script="choose('Corr Speed' [km/h] &gt; 30, 'ROTY ABS' [deg/s] - abs('Angular Velocity' [deg/s]), invalid())" SampleRate="0" Unit="deg/s"/>
  <MathExpression Id="Angular Velocity" DisplayUnit="deg/s" DisplayDPS="2" DisplayColorIndex="3" Interpolate="1" Script="('G Lateral' [m/s/s]
/
'Corr Speed' [m/s])
*
57.296" SampleRate="20" Unit="deg/s"/>
 </MathItems>
</Maths>
