<?xml version="1.0"?>
<Maths Locale="English_United Kingdom.1252" DefaultLocale="C" Id="SETUP SCREEN VALUES (constants)">
 <MathConstants>
  <MathConstant Name="CoG " Value="53" Unit=""/>
  <MathConstant Name="CoG Height" Value="0.313710478" Unit="m"/>
  <MathConstant Name="PI" Value="3.14159265" Unit=""/>
  <MathConstant Name="RH Setup Front" Value="50" Unit="mm" Comment="Setup Front RH"/>
  <MathConstant Name="RH Setup Rear" Value="50" Unit="mm" Comment="Setup Rear RH"/>
  <MathConstant Name="Static Height FL" Value="11.54" Unit="mm" Comment="Static Suspension travel"/>
  <MathConstant Name="Static Height FR" Value="11.54" Unit="mm" Comment="Static Suspension travel"/>
  <MathConstant Name="Static Height RL" Value="15.05" Unit="mm" Comment="Static Suspension travel"/>
  <MathConstant Name="Static Height RR" Value="15.05" Unit="mm" Comment="Static Suspension travel"/>
  <MathConstant Name="Static Load FL" Value="2188" Unit="N" Comment="Sus load when static"/>
  <MathConstant Name="Static Load FR" Value="2170" Unit="N" Comment="Sus load when static"/>
  <MathConstant Name="Static Load RL" Value="2385" Unit="N" Comment="Sus load when static"/>
  <MathConstant Name="Static Load RR" Value="2371" Unit="N" Comment="Sus load when static"/>
  <MathConstant Name="Steering Lock " Value="800" Unit="deg"/>
  <MathConstant Name="Steering Ratio" Value="15" Unit="deg"/>
  <MathConstant Name="Track Front" Value="1.726" Unit="m"/>
  <MathConstant Name="Track Rear" Value="1.71" Unit="m"/>
  <MathConstant Name="Track Width" Value="1.726" Unit="m"/>
  <MathConstant Name="Vehicle Wheelbase" Value="2660" Unit="mm" Comment="Bentley 2015/2018:                             2850
Lexus RC F:                                         2730
Nissan GT-R 2015/2018:                    2820
PCup/911 GT3 R '16/19:                    2460
Porsche 911 GT3 R (992):                   2507
Aston Martin GT3 v8/v12:                   2740
Audi R8/evo/II; McLaren 650s/720s: 2700
BMW M6 GT3:                                    2910
BMW M4 GT3:                                    2917
Ferrari 488; Lambo Huracan gt3/evo: 2650
Ferrari 488 evo:                                   2710     
Ferrari 296 gt3:                                    2660       
Lamborghini Huracan gt3 evo 2:         2648                    
Honda NSX/evo:                                2630
Jaguar gt3:                                          2750
Reiter Gallardo gt3:                             2560
Huracan ST; AMG GT3 '15/evo         2620                                     
"/>
  <MathConstant Name="Wheelrate FL" Value="188.9" Unit="N/mm" Comment="Setup Wheelrate in N/mm"/>
  <MathConstant Name="Wheelrate FR" Value="188.9" Unit="N/mm" Comment="Setup Wheelrate in N/mm"/>
  <MathConstant Name="Wheelrate RL" Value="158" Unit="N/mm" Comment="Setup Wheelrate in N/mm"/>
  <MathConstant Name="Wheelrate RR" Value="158" Unit="N/mm" Comment="Setup Wheelrate in N/mm"/>
 </MathConstants>
</Maths>
