<?xml version="1.0"?>
<Maths Locale="English_United Kingdom.1252" DefaultLocale="C" Id="Suspension">
 <MathConstants>
  <MathConstant Name="PI" Value="3.14159265" Unit=""/>
 </MathConstants>
 <MathItems>
  <MathExpression Id="Susp Bump Travel LF" DisplayUnit="mm" DisplayDPS="2" DisplayColorIndex="0" Interpolate="1" Script="choose('BUMPSTOPUP_RIDE_LF' [..] &gt; 0, 
'SUS_TRAVEL_LF' [mm], 
stat_min('SUS_TRAVEL_LF' [mm], 'BUMPSTOPUP_RIDE_LF' [..] &gt; 0, range_change(&quot;Outings:Laps&quot;)))" SampleRate="0" Unit="mm"/>
  <MathExpression Id="Susp Bump Travel RF" DisplayUnit="mm" DisplayDPS="2" DisplayColorIndex="1" Interpolate="1" Script="choose('BUMPSTOPUP_RIDE_RF' [..] &gt; 0, 'SUS_TRAVEL_RF' [mm], stat_min('SUS_TRAVEL_RF' [mm], 'BUMPSTOPUP_RIDE_RF' [..] &gt; 0, range_change(&quot;Outings:Laps&quot;)))" SampleRate="0" Unit="mm"/>
  <MathExpression Id="Susp Bump Travel LR" DisplayUnit="mm" DisplayDPS="2" DisplayColorIndex="2" Interpolate="1" Script="choose('BUMPSTOPUP_RIDE_LR' [..] &gt; 0, 'SUS_TRAVEL_LR' [mm], stat_min('SUS_TRAVEL_LR' [mm], 'BUMPSTOPUP_RIDE_LR' [..] &gt; 0, range_change(&quot;Outings:Laps&quot;)))" SampleRate="0" Unit="mm"/>
  <MathExpression Id="Susp Bump Travel RR" DisplayUnit="mm" DisplayDPS="1" DisplayColorIndex="6" Interpolate="1" Script="choose('BUMPSTOPUP_RIDE_RR' [..] &gt; 0, 'SUS_TRAVEL_RR' [mm], stat_min('SUS_TRAVEL_RR' [mm], 'BUMPSTOPUP_RIDE_RR' [..] &gt; 0, range_change(&quot;Outings:Laps&quot;)))" SampleRate="0" Unit="mm"/>
  <MathExpression Id="Total Pitch Angle" DisplayUnit="deg" DisplayDPS="2" DisplayColorIndex="0" Interpolate="1" Script="atan(

(
(  ('SUS_TRAVEL_LF' [mm] - 'SUS_TRAVEL_LR' [mm]) + ('SUS_TRAVEL_RF' [mm] - 'SUS_TRAVEL_RR' [mm])  )
/
 ( 'Vehicle Wheelbase' [mm] * 2 )
)

)

* 57.3" SampleRate="0" Unit="deg"/>
  <MathExpression Id="Front Roll Angle" DisplayUnit="deg" DisplayDPS="3" DisplayColorIndex="6" Interpolate="1" Script="atan(
( 'SUS_TRAVEL_LF' [mm] - 'SUS_TRAVEL_RF' [mm] )
/
'Track Front' [mm]
)* (180/'PI' [])
" SampleRate="0" Unit="deg"/>
  <MathExpression Id="Rear Roll Angle" DisplayUnit="deg" DisplayDPS="2" DisplayColorIndex="0" Interpolate="1" Script="atan(
( 'SUS_TRAVEL_LR' [mm] - 'SUS_TRAVEL_RR' [mm] )
/
'Track Rear' [mm]
)* (180/'PI' [])
" SampleRate="0" Unit="deg"/>
  <MathExpression Id="Dive Speed" DisplayUnit="mm/s" DisplayDPS="2" DisplayColorIndex="2" Interpolate="1" Script="choose('Pitch Speed' [mm/s] &gt; 0,'Pitch Speed' [mm/s], invalid())" SampleRate="0" Unit="mm/s"/>
  <MathExpression Id="Squat Speed" DisplayUnit="mm/s" DisplayDPS="2" DisplayColorIndex="3" Interpolate="1" Script="choose('Pitch Speed' [mm/s] &lt; 0,'Pitch Speed' [mm/s], invalid())" SampleRate="0" Unit="mm/s"/>
  <MathExpression Id="Susp FL Smooth" DisplayUnit="mm" DisplayDPS="1" DisplayColorIndex="0" Interpolate="1" Script="filter_lp('SUS_TRAVEL_LF' [mm], 2)" SampleRate="0" Unit="mm"/>
  <MathExpression Id="Susp FR Smooth" DisplayUnit="mm" DisplayDPS="1" DisplayColorIndex="4" Interpolate="1" Script="filter_lp('SUS_TRAVEL_RF' [mm], 2)" SampleRate="0" Unit="mm"/>
  <MathExpression Id="Susp RL Smooth" DisplayUnit="mm" DisplayDPS="1" DisplayColorIndex="7" Interpolate="1" Script="filter_lp('SUS_TRAVEL_LR' [mm], 2)" SampleRate="0" Unit="mm"/>
  <MathExpression Id="Susp RR Smooth" DisplayUnit="mm" DisplayDPS="1" DisplayColorIndex="2" Interpolate="1" Script="filter_lp('SUS_TRAVEL_RR' [mm], 2)" SampleRate="0" Unit="mm"/>
  <MathExpression Id="Bumpstop Active LF" DisplayDPS="0" DisplayColorIndex="4" Interpolate="0" Script="'BUMPSTOPUP_RIDE_LF' [..] - 'BUMPSTOPDN_RIDE_LF' [..]" SampleRate="0" Unit=""/>
  <MathExpression Id="Bumpstop Active RF" DisplayDPS="0" DisplayColorIndex="4" Interpolate="0" Script="'BUMPSTOPUP_RIDE_RF' [..] - 'BUMPSTOPDN_RIDE_RF' [..]" SampleRate="0" Unit=""/>
  <MathExpression Id="Bumpstop Active LR" DisplayDPS="0" DisplayColorIndex="4" Interpolate="0" Script="'BUMPSTOPUP_RIDE_LR' [..] - 'BUMPSTOPDN_RIDE_LR' [..]" SampleRate="0" Unit=""/>
  <MathExpression Id="Bumpstop Active RR" DisplayDPS="0" DisplayColorIndex="4" Interpolate="0" Script="'BUMPSTOPUP_RIDE_RR' [..] - 'BUMPSTOPDN_RIDE_RR' [..]" SampleRate="0" Unit=""/>
  <MathExpression Id="F Roll" DisplayUnit="deg" DisplayDPS="3" DisplayColorIndex="1" Interpolate="1" EnumerationName="" Script="abs('Front Roll Angle' [deg])" SampleRate="0" Unit="deg"/>
  <MathExpression Id="R Roll" DisplayUnit="deg" DisplayDPS="3" DisplayColorIndex="2" Interpolate="1" EnumerationName="" Script="abs('Rear Roll Angle' [deg])" SampleRate="0" Unit="deg"/>
  <MathExpression Id="Lon Stiff Distr" DisplayUnit="%" DisplayDPS="1" DisplayColorIndex="3" Interpolate="1" Script="('Sus load front' [N]/('Sus load rear' [N]+'Sus load front' [N]))*100" SampleRate="0" Unit="%"/>
  <MathExpression Id="Lateral Load Trasnsfer" DisplayUnit="kg" DisplayDPS="2" DisplayColorIndex="4" Interpolate="1" Script="filter_lp(('Vehicle Weight' [kg]*'CoG Height' [m]*'glat' [G])/('Track Width' [mm]/1000),0.5)" SampleRate="0" Unit="kg"/>
  <MathExpression Active="0" Id="Roll F-R" DisplayUnit="deg" DisplayDPS="2" DisplayColorIndex="2" Interpolate="1" Script="abs(('SUS_TRAVEL_LF' [mm]-'SUS_TRAVEL_RF' [mm])) - abs(('SUS_TRAVEL_LR' [mm]-'SUS_TRAVEL_RR' [mm]))" SampleRate="0" Unit="deg"/>
  <MathExpression Id="Front-Rear Pitch" DisplayUnit="mm" DisplayDPS="4" DisplayColorIndex="3" Interpolate="1" Script="'Front Susp Height' [mm] - 'Rear Susp Height' [mm]" SampleRate="0" Unit="mm"/>
  <MathExpression Id="Front Susp Height" DisplayUnit="mm" DisplayDPS="4" DisplayColorIndex="4" Interpolate="1" Script="('SUS_TRAVEL_LF' [mm]  + 'SUS_TRAVEL_RF' [mm])/2" SampleRate="0" Unit="mm"/>
  <MathExpression Id="Rear Susp Height" DisplayUnit="mm" DisplayDPS="4" DisplayColorIndex="5" Interpolate="1" Script="('SUS_TRAVEL_LR' [mm]  + 'SUS_TRAVEL_RR' [mm])/2" SampleRate="0" Unit="mm"/>
  <MathExpression Id="Front Roll Angle." DisplayUnit="deg" DisplayDPS="2" DisplayColorIndex="0" Interpolate="1" Script="filter_lp(atan(
( 'SUS_TRAVEL_LF' [mm] - 'SUS_TRAVEL_RF' [mm] )
/
'Track Front' [mm]
)* (180/'PI' []),1)
" SampleRate="0" Unit="deg"/>
  <MathExpression Id="Rear Roll Angle." DisplayUnit="deg" DisplayDPS="2" DisplayColorIndex="2" Interpolate="1" Script="filter_lp(atan(
( 'SUS_TRAVEL_LR' [mm] - 'SUS_TRAVEL_RR' [mm] )
/
'Track Rear' [mm]
)* (180/'PI' []),1)" SampleRate="0" Unit="deg"/>
  <MathExpression Id="Total Pitch Angle." DisplayUnit="deg" DisplayDPS="2" DisplayColorIndex="0" Interpolate="1" Script="(atan(

(
(  ('SUS_TRAVEL_LF' [mm] - 'SUS_TRAVEL_LR' [mm]) + ('SUS_TRAVEL_RF' [mm] - 'SUS_TRAVEL_RR' [mm])  )
/
 ( 'Vehicle Wheelbase' [mm] * 2 )
)

)

* 57.3)*-1" SampleRate="0" Unit="deg"/>
  <MathExpression Active="0" Id="Centripital Force" DisplayDPS="2" DisplayColorIndex="8" Interpolate="1" Script="'Vehicle Weight' [kg]*(0.65*9.81)" SampleRate="0" Unit=""/>
  <MathExpression Id="CoP" DisplayUnit="%" DisplayDPS="2" DisplayColorIndex="7" Interpolate="1" Script="((('Sus Load LR' [N]+'Sus Load RR' [N])*100)/'Tire load' [N]) +1.58" SampleRate="0" Unit="%"/>
  <MathExpression Id="Lon Stiff Distr." DisplayUnit="%" DisplayDPS="1" DisplayColorIndex="3" Interpolate="1" Script="filter_lp(('Sus load front' [N]/('Sus load rear' [N]+'Sus load front' [N]))*100,1)" SampleRate="0" Unit="%"/>
  <MathExpression Id="Lat Stiff Distr." DisplayUnit="%" DisplayDPS="2" DisplayColorIndex="1" Interpolate="1" EnumerationName="" Script="(('F Roll' [deg]) - ('R Roll' [deg]) *100)+50" SampleRate="0" Unit="%"/>
  <MathExpression Id="Pitch Speed" DisplayUnit="mm/s" DisplayDPS="2" DisplayColorIndex="3" Interpolate="1" Script="derivative('Front-Rear Pitch' [mm])" SampleRate="0" Unit="mm/s"/>
  <MathExpression Id="Lateral Load Trasnsfer." DisplayUnit="kg" DisplayDPS="2" DisplayColorIndex="4" Interpolate="1" EnumerationName="" Script="filter_lp(abs(('Vehicle Weight' [kg]*'CoG Height' [m]*'glat' [G])/('Track Width' [mm]/1000)),0.5)" SampleRate="0" Unit="kg"/>
 </MathItems>
</Maths>
