<?xml version="1.0"?>
<Maths Locale="English_United Kingdom.1252" DefaultLocale="C" Id="Tyres">
 <MathConstants>
  <MathConstant Name="PI" Value="3.14159265" Unit=""/>
 </MathConstants>
 <MathItems>
  <MathExpression Id="Front Rear Tyre Temp Difference" DisplayUnit="C" DisplayDPS="2" DisplayColorIndex="1" Interpolate="1" Script="('TYRE_TAIR_LF' [C] + 'TYRE_TAIR_RF' [C])/2 
- 
('TYRE_TAIR_LR' [C] + 'TYRE_TAIR_RR' [C])/2" SampleRate="0" Unit="C"/>
  <MathExpression Id="Front Rear Tyre Pressure Difference" DisplayUnit="psi" DisplayDPS="2" DisplayColorIndex="2" Interpolate="1" Script="(('TYRE_PRESS_LF' [..] + 'TYRE_PRESS_RF' [..]) / 2)

-

(('TYRE_PRESS_LR' [..] + 'TYRE_PRESS_RR' [..]) / 2)
" SampleRate="0" Unit="psi"/>
  <MathExpression Id="Pressure loss LF" DisplayUnit="psi" DisplayDPS="2" DisplayColorIndex="0" Interpolate="1" Script="derivative('TYRE_PRESS_LF' [..])/20" SampleRate="0" Unit="psi"/>
  <MathExpression Id="Pressure loss RF" DisplayUnit="psi" DisplayDPS="2" DisplayColorIndex="0" Interpolate="1" Script="derivative('TYRE_PRESS_RF' [..])/20" SampleRate="0" Unit="psi"/>
  <MathExpression Id="Pressure loss LR" DisplayUnit="psi" DisplayDPS="2" DisplayColorIndex="0" Interpolate="1" Script="derivative('TYRE_PRESS_LR' [..])/20" SampleRate="0" Unit="psi"/>
  <MathExpression Id="Pressure loss RR" DisplayUnit="psi" DisplayDPS="2" DisplayColorIndex="0" Interpolate="1" Script="derivative('TYRE_PRESS_RR' [..])/20" SampleRate="0" Unit="psi"/>
 </MathItems>
</Maths>
