{
	"carName": "porsche_992_gt3_r",
	"basicSetup":
	{
		"tyres":
		{
			"tyreCompound": 0,
			"tyrePressure": [ 47, 50, 45, 46 ]
		},
		"alignment":
		{
			"camber": [ 0, 0, 0, 0 ],
			"toe": [ 8, 8, 35, 35 ],
			"staticCamber": [ -4.6283416748046875, -4.6265573501586914, 0.15678682923316956, 0.15753091871738434 ],
			"toeOutLinear": [ 0.00075269927037879825, 0.00075270223896950483, -0.0064414418302476406, -0.0064414702355861664 ],
			"casterLF": 30,
			"casterRF": 30,
			"steerRatio": 5
		},
		"electronics":
		{
			"tC1": 3,
			"tC2": 0,
			"abs": 3,
			"eCUMap": 7,
			"fuelMix": 0,
			"telemetryLaps": 99
		},
		"strategy":
		{
			"fuel": 40,
			"nPitStops": 0,
			"tyreSet": 14,
			"frontBrakePadCompound": 0,
			"rearBrakePadCompound": 0,
			"pitStrategy": [
				{
					"fuelToAdd": 0,
					"tyres":
					{
						"tyreCompound": 0,
						"tyrePressure": [ 56, 57, 50, 51 ]
					},
					"tyreSet": 2,
					"frontBrakePadCompound": 1,
					"rearBrakePadCompound": 1
				}
			],
			"fuelPerLap": 3.0842909812927246
		}
	},
	"advancedSetup":
	{
		"mechanicalBalance":
		{
			"aRBFront": 3,
			"aRBRear": 2,
			"wheelRate": [ 9, 9, 4, 4 ],
			"bumpStopRateUp": [ 16, 16, 7, 7 ],
			"bumpStopRateDn": [ 0, 0, 10, 10 ],
			"bumpStopWindow": [ 20, 20, 20, 20 ],
			"brakeTorque": 20,
			"brakeBias": 26
		},
		"dampers":
		{
			"bumpSlow": [ 5, 5, 5, 5 ],
			"bumpFast": [ 3, 3, 5, 5 ],
			"reboundSlow": [ 11, 11, 8, 8 ],
			"reboundFast": [ 3, 3, 8, 8 ]
		},
		"aeroBalance":
		{
			"rideHeight": [ 0, 11, 16, 18 ],
			"rodLength": [ 28.797639846801758, 28.797639846801758, -62.631904602050781, -62.631904602050781 ],
			"splitter": 0,
			"rearWing": 12,
			"brakeDuct": [ 2, 4 ]
		},
		"drivetrain":
		{
			"preload": 9
		}
	},
	"trackBopType": 53
}