{
	"carName": "porsche_992_gt3_r",
	"basicSetup":
	{
		"tyres":
		{
			"tyreCompound": 0,
			"tyrePressure": [ 51, 55, 45, 46 ]
		},
		"alignment":
		{
			"camber": [ 0, 0, 0, 0 ],
			"toe": [ 25, 25, 43, 43 ],
			"staticCamber": [ -4.5964341163635254, -4.5942811965942383, 0.27155822515487671, 0.27134352922439575 ],
			"toeOutLinear": [ 0.00032075992203317583, 0.00032076475326903164, -0.0068232696503400803, -0.006823334377259016 ],
			"casterLF": 30,
			"casterRF": 30,
			"steerRatio": 5
		},
		"electronics":
		{
			"tC1": 3,
			"tC2": 0,
			"abs": 3,
			"eCUMap": 5,
			"fuelMix": 0,
			"telemetryLaps": 99
		},
		"strategy":
		{
			"fuel": 39,
			"nPitStops": 0,
			"tyreSet": 14,
			"frontBrakePadCompound": 0,
			"rearBrakePadCompound": 0,
			"pitStrategy": [
				{
					"fuelToAdd": 0,
					"tyres":
					{
						"tyreCompound": 0,
						"tyrePressure": [ 51, 55, 45, 46 ]
					},
					"tyreSet": 2,
					"frontBrakePadCompound": 1,
					"rearBrakePadCompound": 1
				}
			],
			"fuelPerLap": 3.0918827056884766
		}
	},
	"advancedSetup":
	{
		"mechanicalBalance":
		{
			"aRBFront": 5,
			"aRBRear": 2,
			"wheelRate": [ 3, 3, 0, 0 ],
			"bumpStopRateUp": [ 16, 16, 22, 22 ],
			"bumpStopRateDn": [ 0, 0, 10, 10 ],
			"bumpStopWindow": [ 14, 14, 0, 0 ],
			"brakeTorque": 20,
			"brakeBias": 26
		},
		"dampers":
		{
			"bumpSlow": [ 7, 7, 10, 10 ],
			"bumpFast": [ 3, 3, 5, 5 ],
			"reboundSlow": [ 6, 6, 15, 15 ],
			"reboundFast": [ 3, 3, 8, 8 ]
		},
		"aeroBalance":
		{
			"rideHeight": [ 0, 11, 14, 18 ],
			"rodLength": [ 34.476062774658203, 34.476062774658203, -60.483062744140625, -60.483062744140625 ],
			"splitter": 0,
			"rearWing": 11,
			"brakeDuct": [ 3, 4 ]
		},
		"drivetrain":
		{
			"preload": 7
		}
	},
	"trackBopType": 53
}